superkingdom,kingdom,phylum,class,order,family,genus,species,reassigned_read_count,uniqueness_score,species_percentage_hit,genus_percentage_hit,species_contaminant_score,genus_contaminant_score,best_hit_genus,best_hit_species,blast_validated
,,Bacillota,Bacilli,Bacillales,Staphylococcaceae,Staphylococcus,Staphylococcus aureus,66909.5,8,1,1,1,0,Staphylococcus,aureus,TRUE
,,Bacillota,Bacilli,Bacillales,Bacillaceae,Bacillus,Bacillus cereus,48082,10,0,1,1,0,Bacillus,albus,FALSE
,,Bacillota,Clostridia,Eubacteriales,Clostridiaceae,Clostridium,Clostridium beijerinckii,47805,4,1,1,1,0,Clostridium,beijerinckii,TRUE
,,Bacillota,Bacilli,Bacillales,Listeriaceae,Listeria,Listeria innocua,30350.7,5,1,1,1,0,Listeria,innocua,TRUE
,,Bacteroidota,Bacteroidia,Bacteroidales,Bacteroidaceae,Phocaeicola,Phocaeicola vulgatus,27196,1,1,1,0,0,Phocaeicola,vulgatus,TRUE
,,Deinococcota,Deinococci,Deinococcales,Deinococcaceae,Deinococcus,Deinococcus radiodurans,26929,1,1,1,0,0,Deinococcus,radiodurans,TRUE
,,Pseudomonadota,Betaproteobacteria,Neisseriales,Neisseriaceae,Neisseria,Neisseria meningitidis,25094,1,1,1,0,0,Neisseria,meningitidis,TRUE
,,Bacillota,Bacilli,Lactobacillales,Streptococcaceae,Streptococcus,Streptococcus mutans,24423,1,1,1,0,0,Streptococcus,mutans,TRUE
,,Bacillota,Bacilli,Lactobacillales,Enterococcaceae,Enterococcus,Enterococcus faecalis,21419,9,0,1,1,0,Enterococcus,canis,FALSE
,,Pseudomonadota,Gammaproteobacteria,Pseudomonadales,Pseudomonadaceae,Pseudomonas,Pseudomonas aeruginosa,21269,1,1,1,0,0,Pseudomonas,aeruginosa,TRUE
,,Pseudomonadota,Gammaproteobacteria,Moraxellales,Moraxellaceae,Acinetobacter,Acinetobacter baumannii,20293,1,1,1,0,0,Acinetobacter,baumannii,TRUE
,,Actinomycetota,Actinomycetes,Actinomycetales,Actinomycetaceae,Schaalia,Schaalia odontolytica,19088,1,1,1,0,0,Schaalia,odontolytica,TRUE
,,Bacillota,Bacilli,Lactobacillales,Streptococcaceae,Streptococcus,Streptococcus agalactiae,14965,1,1,1,0,0,Streptococcus,agalactiae,TRUE
,,Pseudomonadota,Alphaproteobacteria,Rhodobacterales,Paracoccaceae,Cereibacter,Cereibacter sphaeroides,14858,2,1,1,1,0,Cereibacter,johrii,TRUE
,,Pseudomonadota,Gammaproteobacteria,Enterobacterales,Enterobacteriaceae,Escherichia,Escherichia coli,14443,8,1,1,1,1,Shigella,boydii,TRUE
,,Campylobacterota,Epsilonproteobacteria,Campylobacterales,Helicobacteraceae,Helicobacter,Helicobacter pylori,12159,1,1,1,0,0,Helicobacter,pylori,TRUE
,,Bacillota,Bacilli,Lactobacillales,Lactobacillaceae,Lactobacillus,Lactobacillus gasseri,12122,4,1,1,1,0,Lactobacillus,gasseri,TRUE
,,Bacteroidota,Bacteroidia,Bacteroidales,Porphyromonadaceae,Porphyromonas,Porphyromonas gingivalis,9508,1,1,1,0,0,Porphyromonas,gingivalis,TRUE
,,Actinomycetota,Actinomycetes,Propionibacteriales,Propionibacteriaceae,Cutibacterium,Cutibacterium acnes,2709,1,1,1,0,0,Cutibacterium,acnes,TRUE
,,Bacteroidota,Bacteroidia,Bacteroidales,Prevotellaceae,Segatella,Segatella copri,2517,1,1,1,0,0,Segatella,copri,TRUE
,,Bacillota,Bacilli,Lactobacillales,Streptococcaceae,Streptococcus,Streptococcus pneumoniae,2284,2,1,1,1,0,Streptococcus,pneumoniae,TRUE
,,Bacillota,Bacilli,Lactobacillales,Enterococcaceae,Enterococcus,Enterococcus hirae,1397.5,12,0.857142857142857,1,1,0,Enterococcus,canis,TRUE
,,Bacillota,Bacilli,Bacillales,Staphylococcaceae,Staphylococcus,Staphylococcus epidermidis,1321.5,6,1,1,1,0,Staphylococcus,aureus,TRUE
,,Bacillota,Bacilli,Bacillales,Staphylococcaceae,Staphylococcus,Staphylococcus kloosii,708,2,1,1,1,0,Staphylococcus,arlettae,TRUE
,,Bacillota,Negativicutes,Acidaminococcales,Acidaminococcaceae,Phascolarctobacterium,Phascolarctobacterium faecium,205,1,1,1,0,0,Phascolarctobacterium,faecium,TRUE
,,Bacillota,Bacilli,Bacillales,Bacillaceae,Bacillus,Bacillus manliponensis,198,10,0,1,1,0,Bacillus,albus,FALSE
,,Bacteroidota,Bacteroidia,Bacteroidales,Tannerellaceae,Parabacteroides,Parabacteroides merdae,61,1,1,1,0,0,Parabacteroides,merdae,TRUE
,,Bacillota,Bacilli,Bacillales,Planococcaceae,Viridibacillus,Viridibacillus arvi,58,10,0,0,1,1,Bacillus,albus,FALSE
,,Bacillota,Clostridia,Eubacteriales,Oscillospiraceae,Faecalibacterium,Faecalibacterium prausnitzii,57,1,1,1,0,0,Faecalibacterium,prausnitzii,TRUE
,,Bacillota,Bacilli,Bacillales,Listeriaceae,Listeria,Listeria seeligeri,68.7,7,1,1,1,0.333333333333333,Listeria,innocua,TRUE
,,Bacillota,Bacilli,Lactobacillales,Enterococcaceae,Enterococcus,Enterococcus moraviensis,111.1,13,1,1,1,0.5,Enterococcus,crotali,TRUE
,,Bacteroidota,Bacteroidia,Bacteroidales,Bacteroidaceae,Phocaeicola,Phocaeicola massiliensis,47,1,1,1,0,0,Phocaeicola,massiliensis,TRUE
,,Bacteroidota,Bacteroidia,Bacteroidales,Rikenellaceae,Alistipes,Alistipes putredinis,44,1,1,1,0,0,Alistipes,putredinis,TRUE
,,Bacteroidota,Bacteroidia,Bacteroidales,Bacteroidaceae,Bacteroides,Bacteroides caccae,43,1,1,1,0,0,Bacteroides,caccae,TRUE
,,Bacteroidota,Bacteroidia,Bacteroidales,Bacteroidaceae,Bacteroides,Bacteroides finegoldii,42,7,1,1,1,0,Bacteroides,faecichinchillae,TRUE
,,Bacillota,Bacilli,Lactobacillales,Enterococcaceae,Melissococcus,Melissococcus plutonius,41,10,0.333333333333333,0.333333333333333,1,1,Enterococcus,asini,FALSE
,,Bacteroidota,Bacteroidia,Bacteroidales,Bacteroidaceae,Bacteroides,Bacteroides stercoris,38,1,1,1,0,0,Bacteroides,stercoris,TRUE
,,Bacillota,Bacilli,Bacillales,Bacillaceae,Bacillus,Bacillus cytotoxicus,36,1,0,0,1,1,Alkalihalobacillus,macyae,FALSE
,,Pseudomonadota,Gammaproteobacteria,Enterobacterales,Enterobacteriaceae,Shigella,Shigella dysenteriae,33,9,0,0,1,1,Cronobacter,[Pantoea] beijingensis,FALSE
,,Bacillota,Bacilli,Bacillales,Staphylococcaceae,Staphylococcus,Staphylococcus arlettae,33,2,1,1,1,0,Staphylococcus,arlettae,TRUE
,,Bacteroidota,Bacteroidia,Bacteroidales,Barnesiellaceae,Barnesiella,Barnesiella intestinihominis,27,1,1,1,0,0,Barnesiella,intestinihominis,TRUE
,,Bacteroidota,Bacteroidia,Bacteroidales,Bacteroidaceae,Phocaeicola,Phocaeicola dorei,26,2,1,1,1,0,Phocaeicola,dorei,TRUE
,,Bacillota,Clostridia,Lachnospirales,Lachnospiraceae,Blautia,Blautia luti,24,2,0.5,1,0.5,0,Blautia,luti,FALSE
,,Bacillota,Clostridia,Eubacteriales,Oscillospiraceae,Ruminococcus,Ruminococcus callidus,23,1,1,1,0,0,Ruminococcus,callidus,TRUE
,,Pseudomonadota,Betaproteobacteria,Burkholderiales,Sutterellaceae,Sutterella,Sutterella massiliensis,22,2,1,1,1,0,Sutterella,massiliensis,TRUE
,,Bacteroidota,Bacteroidia,Bacteroidales,Tannerellaceae,Parabacteroides,Parabacteroides distasonis,21,1,1,1,0,0,Parabacteroides,distasonis,TRUE
,,Bacillota,Clostridia,Lachnospirales,Lachnospiraceae,Dorea,Dorea longicatena,17,1,1,1,0,0,Dorea,longicatena,TRUE
,,Bacillota,Bacilli,Lactobacillales,Enterococcaceae,Enterococcus,Enterococcus massiliensis,15,4,1,1,1,1,Anaerobacillus,alkalidiazotrophicus,TRUE
,,Bacillota,Bacilli,Lactobacillales,Enterococcaceae,Enterococcus,Enterococcus dispar,32,9,1,1,1,0,Enterococcus,canis,TRUE
,,Bacteroidota,Bacteroidia,Bacteroidales,Rikenellaceae,Alistipes,Alistipes finegoldii,14,2,1,1,1,0,Alistipes,finegoldii,TRUE
,,Bacillota,Bacilli,Bacillales,Bacillaceae,Halalkalibacter,Halalkalibacter oceani,20,1,1,1,0,0,Halalkalibacter,oceani,TRUE
,,Bacillota,Bacilli,Bacillales,Bacillaceae,Lottiidibacillus,Lottiidibacillus patelloidae,13,4,1,1,1,1,Bacillus,acidicola,TRUE
,,Bacillota,Clostridia,Lachnospirales,Lachnospiraceae,Agathobacter,Agathobacter rectalis,13,1,1,1,0,0,Agathobacter,rectalis,TRUE
,,Bacillota,Clostridia,Lachnospirales,Lachnospiraceae,Blautia,Blautia faecis,13,1,1,1,0,0,Blautia,faecis,TRUE
,,Bacillota,Bacilli,Bacillales,Listeriaceae,Listeria,Listeria welshimeri,12,6,1,1,1,0,Listeria,innocua,TRUE
,,Bacillota,Clostridia,Lachnospirales,Lachnospiraceae,Mediterraneibacter,Mediterraneibacter faecis,12,1,1,1,0,0,Mediterraneibacter,faecis,TRUE
,,Bacillota,Erysipelotrichia,Erysipelotrichales,Erysipelotrichaceae,Holdemanella,Holdemanella biformis,12,1,1,1,0,0,Holdemanella,biformis,TRUE
,,Bacillota,Bacilli,Bacillales,Planococcaceae,Planococcus,Planococcus antarcticus,11,4,0,0,1,1,Halolactibacillus,alkaliphilus,FALSE
,,Bacillota,Bacilli,Lactobacillales,Lactobacillaceae,Lactobacillus,Lactobacillus johnsonii,11,7,1,1,1,0,Lactobacillus,acidophilus,TRUE
,,Bacillota,Clostridia,Lachnospirales,Lachnospiraceae,Anaerostipes,Anaerostipes hadrus,11,1,1,1,0,0,Anaerostipes,hadrus,TRUE
,,Pseudomonadota,Gammaproteobacteria,Enterobacterales,Enterobacteriaceae,Cronobacter,Cronobacter dublinensis,11,12,0,0.666666666666667,1,1,Cronobacter,[Pantoea] beijingensis,FALSE
,,Actinomycetota,Actinomycetes,Pseudonocardiales,Pseudonocardiaceae,Pseudonocardia,Pseudonocardia hydrocarbonoxydans,10,4,0,1,1,0,Pseudonocardia,acaciae,FALSE
,,Bacillota,Bacilli,Bacillales,Bacillaceae,Bacillus,Bacillus bingmayongensis,10,10,0,1,1,0,Bacillus,albus,FALSE
,,Bacillota,Bacilli,Lactobacillales,Enterococcaceae,Enterococcus,Enterococcus haemoperoxidus,10,7,1,1,1,0,Enterococcus,crotali,TRUE
,,Bacillota,Clostridia,Eubacteriales,,Gemmiger,Gemmiger formicilis,10,1,1,1,0,0,Gemmiger,formicilis,TRUE
,,Bacteroidota,Bacteroidia,Bacteroidales,Bacteroidaceae,Bacteroides,Bacteroides uniformis,10,1,1,1,0,0,Bacteroides,uniformis,TRUE
,,Bacteroidota,Bacteroidia,Bacteroidales,Prevotellaceae,Paraprevotella,Paraprevotella clara,10,1,1,1,0,0,Paraprevotella,clara,TRUE
,,Pseudomonadota,Betaproteobacteria,Burkholderiales,Sphaerotilaceae,Piscinibacter,Piscinibacter aquaticus,10,1,1,1,0,0,Piscinibacter,aquaticus,TRUE
,,Bacillota,Bacilli,Bacillales,Bacillaceae,Bacillus,Bacillus carboniphilus,9,5,1,1,1,1,Bacillus,acidicola,TRUE
,,Bacillota,Bacilli,Bacillales,Bacillaceae,Heyndrickxia,Heyndrickxia acidicola,9,4,1,1,1,1,Bacillus,acidicola,TRUE
,,Bacillota,Bacilli,Bacillales,Salinicoccaceae,Lacicoccus,Lacicoccus qingdaonensis,9,3,0,0,1,1,Macrococcus,bovicus,FALSE
,,Bacillota,Bacilli,Bacillales,Bacillaceae,Anaerobacillus,Anaerobacillus alkalidiazotrophicus,8,1,0,0,1,1,Halalkalibacterium (ex Joshi et al. 2022),Halalkalibacterium halodurans,FALSE
,,Bacillota,Clostridia,Lachnospirales,Lachnospiraceae,Lachnospira,Lachnospira eligens,8,1,1,1,0,0,Lachnospira,eligens,TRUE
,,Actinomycetota,Coriobacteriia,Coriobacteriales,Coriobacteriaceae,Collinsella,Collinsella aerofaciens,7,1,1,1,0,0,Collinsella,aerofaciens,TRUE
,,Bacillota,Clostridia,Eubacteriales,Clostridiaceae,Sarcina,Sarcina ventriculi,7,1,1,1,0,0,Sarcina,ventriculi,TRUE
,,Bacillota,Clostridia,Lachnospirales,Lachnospiraceae,Mediterraneibacter,[Ruminococcus] torques,7,1,1,1,0,0,Mediterraneibacter,[Ruminococcus] torques,TRUE
,,Bacillota,Clostridia,Lachnospirales,Anaerotignaceae,Anaerotignum,Anaerotignum faecicola,6,1,1,1,0,0,Anaerotignum,faecicola,TRUE
,,Bacillota,Clostridia,Lachnospirales,Lachnospiraceae,Anaerobutyricum,Anaerobutyricum hallii,6,1,1,1,0,0,Anaerobutyricum,hallii,TRUE
,,Bacillota,Clostridia,Lachnospirales,Lachnospiraceae,Blautia,Blautia faecicola,6,1,1,1,0,0,Blautia,faecicola,TRUE
,,Bacillota,Clostridia,Lachnospirales,Lachnospiraceae,Blautia,Blautia obeum,6,,,,,,,,
,,Bacillota,Clostridia,Lachnospirales,Lachnospiraceae,Lachnospira,[Lactobacillus] rogosae,6,,,,,,,,
,,Bacteroidota,Bacteroidia,Bacteroidales,Odoribacteraceae,Odoribacter,Odoribacter splanchnicus,6,,,,,,,,
,,Pseudomonadota,Alphaproteobacteria,Sphingomonadales,Sphingomonadaceae,Sphingomonas,Sphingomonas daechungensis,6,,,,,,,,
,,Actinomycetota,Actinomycetes,Propionibacteriales,Nocardioidaceae,Nocardioides,Nocardioides pocheonensis,5,,,,,,,,
,,Actinomycetota,Thermoleophilia,Solirubrobacterales,Solirubrobacteraceae,Solirubrobacter,Solirubrobacter ginsenosidimutans,5,,,,,,,,
,,Actinomycetota,Thermoleophilia,Solirubrobacterales,Solirubrobacteraceae,Solirubrobacter,Solirubrobacter soli,5,,,,,,,,
,,Bacillota,Bacilli,Bacillales,Listeriaceae,Listeria,Listeria ivanovii,5,,,,,,,,
,,Bacillota,Bacilli,Bacillales,Staphylococcaceae,Staphylococcus,Staphylococcus nepalensis,5,,,,,,,,
,,Bacillota,Bacilli,Lactobacillales,Enterococcaceae,Enterococcus,Enterococcus mundtii,5,,,,,,,,
,,Bacillota,Bacilli,Lactobacillales,Lactobacillaceae,Bombilactobacillus,Bombilactobacillus bombi,5,,,,,,,,
,,Bacillota,Clostridia,Eubacteriales,Eubacteriaceae,Eubacterium,Eubacterium ventriosum,5,,,,,,,,
,,Bacillota,Clostridia,Lachnospirales,Lachnospiraceae,Coprococcus,Coprococcus comes,5,,,,,,,,
,,Bacillota,Clostridia,Lachnospirales,Lachnospiraceae,Fusicatenibacter,Fusicatenibacter saccharivorans,5,,,,,,,,
,,Bacteroidota,Bacteroidia,Bacteroidales,Bacteroidaceae,Bacteroides,Bacteroides faecichinchillae,5,,,,,,,,
,,Bacteroidota,Bacteroidia,Bacteroidales,Bacteroidaceae,Bacteroides,Bacteroides faecis,5,,,,,,,,
,,Bacteroidota,Bacteroidia,Bacteroidales,Bacteroidaceae,Bacteroides,Bacteroides xylanisolvens,5,,,,,,,,
,,Pseudomonadota,Alphaproteobacteria,Rhodospirillales,Azospirillaceae,Skermanella,Skermanella aerolata,5,,,,,,,,
,,Pseudomonadota,Gammaproteobacteria,Lysobacterales,Lysobacteraceae,Noviluteimonas,Noviluteimonas dokdonensis,5,,,,,,,,
,,Pseudomonadota,Gammaproteobacteria,Pseudomonadales,Pseudomonadaceae,Pseudomonas,Pseudomonas indica,5,,,,,,,,
,,Actinomycetota,Actinomycetes,Mycobacteriales,Mycobacteriaceae,Mycolicibacterium,Mycolicibacterium rutilum,4,,,,,,,,
,,Actinomycetota,Actinomycetes,Pseudonocardiales,Pseudonocardiaceae,Lentzea,Lentzea albida,4,,,,,,,,
,,Actinomycetota,Actinomycetes,Pseudonocardiales,Pseudonocardiaceae,Lentzea,Lentzea pudingi,4,,,,,,,,
,,Bacillota,Bacilli,Bacillales,Bacillaceae,Alkalihalobacillus,Alkalihalobacillus macyae,4,,,,,,,,
,,Bacillota,Bacilli,Bacillales,Bacillaceae,Bacillus,Bacillus ectoiniformans,4,,,,,,,,
,,Bacillota,Bacilli,Lactobacillales,Enterococcaceae,Enterococcus,Enterococcus canis,4,,,,,,,,
,,Bacillota,Bacilli,Lactobacillales,Enterococcaceae,Enterococcus,Enterococcus plantarum,4,,,,,,,,
,,Bacillota,Clostridia,Lachnospirales,Lachnospiraceae,Coprococcus,Coprococcus catus,4,,,,,,,,
,,Bacteroidota,Bacteroidia,Bacteroidales,Bacteroidaceae,Bacteroides,Bacteroides koreensis,4,,,,,,,,
,,Bacteroidota,Bacteroidia,Bacteroidales,Bacteroidaceae,Bacteroides,Bacteroides kribbi,4,,,,,,,,
,,Bacteroidota,Bacteroidia,Bacteroidales,Rikenellaceae,Alistipes,Alistipes ihumii,4,,,,,,,,
,,Bacteroidota,Flavobacteriia,Flavobacteriales,Flavobacteriaceae,Flavobacterium,Flavobacterium fluminis,4,,,,,,,,
,,Pseudomonadota,Alphaproteobacteria,Hyphomicrobiales,Methylobacteriaceae,Microvirga,Microvirga indica,4,,,,,,,,
,,Pseudomonadota,Betaproteobacteria,Burkholderiales,Oxalobacteraceae,Massilia,Massilia atriviolacea,4,,,,,,,,
,,Pseudomonadota,Betaproteobacteria,Burkholderiales,Oxalobacteraceae,Massilia,Massilia glaciei,4,,,,,,,,
,,Pseudomonadota,Betaproteobacteria,Burkholderiales,Oxalobacteraceae,Pseudoduganella,Pseudoduganella namucuonensis,4,,,,,,,,
,,Pseudomonadota,Gammaproteobacteria,Enterobacterales,Enterobacteriaceae,Escherichia,Escherichia marmotae,4,,,,,,,,
,,Thermodesulfobacteriota,Desulfovibrionia,Desulfovibrionales,Desulfovibrionaceae,Desulfovibrio,Desulfovibrio piger,4,,,,,,,,
,,Actinomycetota,Actinomycetes,Actinomycetales,Actinomycetaceae,Schaalia,Schaalia cardiffensis,3,,,,,,,,
,,Actinomycetota,Actinomycetes,Kitasatosporales,Streptomycetaceae,Streptomyces,Streptomyces achromogenes,3,,,,,,,,
,,Actinomycetota,Actinomycetes,Propionibacteriales,Nocardioidaceae,Nocardioides,Nocardioides islandensis,3,,,,,,,,
,,Actinomycetota,Actinomycetes,Pseudonocardiales,Pseudonocardiaceae,Pseudonocardia,Pseudonocardia hispaniensis,3,,,,,,,,
,,Bacillota,Bacilli,Bacillales,Bacillaceae,Anoxybacillus,Anoxybacillus amylolyticus,3,,,,,,,,
,,Bacillota,Bacilli,Bacillales,Bacillaceae,Anoxybacillus,Anoxybacillus contaminans,3,,,,,,,,
,,Bacillota,Bacilli,Bacillales,Bacillaceae,Anoxybacillus,Anoxybacillus voinovskiensis,3,,,,,,,,
,,Bacillota,Bacilli,Bacillales,Bacillaceae,Bacillus,Bacillus infantis,3,,,,,,,,
,,Bacillota,Bacilli,Bacillales,Bacillaceae,Cytobacillus,Cytobacillus purgationiresistens,3,,,,,,,,
,,Bacillota,Bacilli,Bacillales,Bacillaceae,Sutcliffiella,Sutcliffiella cohnii,3,,,,,,,,
,,Bacillota,Bacilli,Lactobacillales,Enterococcaceae,Enterococcus,Enterococcus cecorum,3,,,,,,,,
,,Bacillota,Bacilli,Lactobacillales,Enterococcaceae,Enterococcus,Enterococcus wangshanyuanii,3,,,,,,,,
,,Bacillota,Bacilli,Lactobacillales,Streptococcaceae,Streptococcus,Streptococcus troglodytae,3,,,,,,,,
,,Bacillota,Clostridia,Eubacteriales,Butyricicoccaceae,Agathobaculum,Agathobaculum desmolans,3,,,,,,,,
,,Bacillota,Clostridia,Eubacteriales,Clostridiaceae,Clostridium,Clostridium saccharobutylicum,3,,,,,,,,
,,Bacillota,Clostridia,Eubacteriales,Eubacteriaceae,Eubacterium,Eubacterium ramulus,3,,,,,,,,
,,Bacteroidota,Bacteroidia,Bacteroidales,Porphyromonadaceae,Porphyromonas,Porphyromonas gulae,3,,,,,,,,
,,Bacteroidota,Bacteroidia,Bacteroidales,Rikenellaceae,Alistipes,Alistipes shahii,3,,,,,,,,
,,Bacteroidota,Sphingobacteriia,Sphingobacteriales,Sphingobacteriaceae,Pedobacter,Pedobacter nutrimenti,3,,,,,,,,
,,Bacteroidota,Sphingobacteriia,Sphingobacteriales,Sphingobacteriaceae,Pedobacter,Pedobacter steynii,3,,,,,,,,
,,Pseudomonadota,Alphaproteobacteria,Hyphomicrobiales,Hyphomicrobiaceae,Hyphomicrobium,Hyphomicrobium aestuarii,3,,,,,,,,
,,Pseudomonadota,Alphaproteobacteria,Hyphomicrobiales,Hyphomicrobiaceae,Hyphomicrobium,Hyphomicrobium vulgare,3,,,,,,,,
,,Pseudomonadota,Alphaproteobacteria,Hyphomicrobiales,Nitrobacteraceae,Bradyrhizobium,Bradyrhizobium betae,3,,,,,,,,
,,Pseudomonadota,Alphaproteobacteria,Hyphomicrobiales,Nitrobacteraceae,Bradyrhizobium,Bradyrhizobium denitrificans,3,,,,,,,,
,,Pseudomonadota,Alphaproteobacteria,Hyphomicrobiales,Nitrobacteraceae,Bradyrhizobium,Bradyrhizobium elkanii,3,,,,,,,,
,,Pseudomonadota,Alphaproteobacteria,Hyphomicrobiales,Nitrobacteraceae,Bradyrhizobium,Bradyrhizobium erythrophlei,3,,,,,,,,
,,Pseudomonadota,Alphaproteobacteria,Hyphomicrobiales,Nitrobacteraceae,Bradyrhizobium,Bradyrhizobium icense,3,,,,,,,,
,,Pseudomonadota,Alphaproteobacteria,Hyphomicrobiales,Nitrobacteraceae,Bradyrhizobium,Bradyrhizobium jicamae,3,,,,,,,,
,,Pseudomonadota,Alphaproteobacteria,Hyphomicrobiales,Nitrobacteraceae,Bradyrhizobium,Bradyrhizobium liaoningense,3,,,,,,,,
,,Pseudomonadota,Alphaproteobacteria,Hyphomicrobiales,Nitrobacteraceae,Bradyrhizobium,Bradyrhizobium oligotrophicum,3,,,,,,,,
,,Pseudomonadota,Alphaproteobacteria,Hyphomicrobiales,Nitrobacteraceae,Bradyrhizobium,Bradyrhizobium tropiciagri,3,,,,,,,,
,,Pseudomonadota,Betaproteobacteria,Burkholderiales,Comamonadaceae,Paracidovorax,Paracidovorax konjaci,3,,,,,,,,
,,Pseudomonadota,Betaproteobacteria,Burkholderiales,Sphaerotilaceae,Caldimonas,Caldimonas caldifontis,3,,,,,,,,
,,Pseudomonadota,Gammaproteobacteria,Enterobacterales,Pectobacteriaceae,Pectobacterium,Pectobacterium carotovorum,3,,,,,,,,
,,Pseudomonadota,Gammaproteobacteria,Lysobacterales,Lysobacteraceae,Arenimonas,Arenimonas oryziterrae,3,,,,,,,,
,,Pseudomonadota,Gammaproteobacteria,Lysobacterales,Lysobacteraceae,Lysobacter,Lysobacter oryzae,3,,,,,,,,
,,Pseudomonadota,Gammaproteobacteria,Moraxellales,Moraxellaceae,Acinetobacter,Acinetobacter junii,3,,,,,,,,
,,Pseudomonadota,Gammaproteobacteria,Steroidobacterales,Steroidobacteraceae,Povalibacter,Povalibacter uvarum,3,,,,,,,,
,,Acidobacteriota,Blastocatellia,Blastocatellales,Arenimicrobiaceae,Arenimicrobium,Arenimicrobium luteum,2,,,,,,,,
,,Acidobacteriota,Blastocatellia,Blastocatellales,Blastocatellaceae,Aridibacter,Aridibacter famidurans,2,,,,,,,,
,,Acidobacteriota,Blastocatellia,Blastocatellales,Blastocatellaceae,Aridibacter,Aridibacter nitratireducens,2,,,,,,,,
,,Actinomycetota,Actinomycetes,Actinomycetales,Actinomycetaceae,Schaalia,Schaalia meyeri,2,,,,,,,,
,,Actinomycetota,Actinomycetes,Micrococcales,Intrasporangiaceae,Janibacter,Janibacter anophelis,2,,,,,,,,
,,Actinomycetota,Actinomycetes,Micrococcales,Intrasporangiaceae,Janibacter,Janibacter hoylei,2,,,,,,,,
,,Actinomycetota,Actinomycetes,Micrococcales,Intrasporangiaceae,Janibacter,Janibacter indicus,2,,,,,,,,
,,Actinomycetota,Actinomycetes,Micrococcales,Intrasporangiaceae,Janibacter,Janibacter limosus,2,,,,,,,,
,,Actinomycetota,Actinomycetes,Micrococcales,Intrasporangiaceae,Janibacter,Janibacter massiliensis,2,,,,,,,,
,,Actinomycetota,Actinomycetes,Micrococcales,Intrasporangiaceae,Janibacter,Janibacter melonis,2,,,,,,,,
,,Actinomycetota,Actinomycetes,Micrococcales,Intrasporangiaceae,Knoellia,Knoellia locipacati,2,,,,,,,,
,,Actinomycetota,Actinomycetes,Micrococcales,Intrasporangiaceae,Knoellia,Knoellia remsis,2,,,,,,,,
,,Actinomycetota,Actinomycetes,Micrococcales,Intrasporangiaceae,Knoellia,Knoellia sinensis,2,,,,,,,,
,,Actinomycetota,Actinomycetes,Micrococcales,Intrasporangiaceae,Knoellia,Knoellia subterranea,2,,,,,,,,
,,Actinomycetota,Actinomycetes,Micrococcales,Intrasporangiaceae,Pedococcus,Pedococcus badiiscoriae,2,,,,,,,,
,,Actinomycetota,Actinomycetes,Micrococcales,Intrasporangiaceae,Phycicoccus,Phycicoccus ochangensis,2,,,,,,,,
,,Actinomycetota,Actinomycetes,Micromonosporales,Micromonosporaceae,Actinoplanes,Actinoplanes auranticolor,2,,,,,,,,
,,Actinomycetota,Actinomycetes,Micromonosporales,Micromonosporaceae,Actinoplanes,Actinoplanes friuliensis,2,,,,,,,,
,,Actinomycetota,Actinomycetes,Mycobacteriales,Mycobacteriaceae,Mycolicibacterium,Mycolicibacterium cosmeticum,2,,,,,,,,
,,Actinomycetota,Actinomycetes,Nakamurellales,Nakamurellaceae,Nakamurella,Nakamurella flavida,2,,,,,,,,
,,Actinomycetota,Actinomycetes,Propionibacteriales,Nocardioidaceae,Nocardioides,Nocardioides guangzhouensis,2,,,,,,,,
,,Bacillota,Bacilli,Bacillales,Bacillaceae,Alkalihalophilus,Alkalihalophilus pseudofirmus,2,,,,,,,,
,,Bacillota,Bacilli,Bacillales,Bacillaceae,Anaerobacillus,Anaerobacillus alkalilacustris,2,,,,,,,,
,,Bacillota,Bacilli,Bacillales,Bacillaceae,Bacillus,Bacillus mycoides,2,,,,,,,,
,,Bacillota,Bacilli,Bacillales,Bacillaceae,Gottfriedia,Gottfriedia luciferensis,2,,,,,,,,
,,Bacillota,Bacilli,Bacillales,Bacillaceae,Heyndrickxia,Heyndrickxia shackletonii,2,,,,,,,,
,,Bacillota,Bacilli,Bacillales,Bacillaceae,Niallia,Niallia circulans,2,,,,,,,,
,,Bacillota,Bacilli,Bacillales,Bacillaceae,Niallia,Niallia nealsonii,2,,,,,,,,
,,Bacillota,Bacilli,Bacillales,Bacillaceae,Terribacillus,Terribacillus saccharophilus,2,,,,,,,,
,,Bacillota,Bacilli,Bacillales,Staphylococcaceae,Mammaliicoccus,Mammaliicoccus stepanovicii,2,,,,,,,,
,,Bacillota,Bacilli,Lactobacillales,Enterococcaceae,Enterococcus,Enterococcus casseliflavus,2,,,,,,,,
,,Bacillota,Bacilli,Lactobacillales,Enterococcaceae,Enterococcus,Enterococcus crotali,2,,,,,,,,
,,Bacillota,Bacilli,Lactobacillales,Enterococcaceae,Enterococcus,Enterococcus ratti,2,,,,,,,,
,,Bacillota,Bacilli,Lactobacillales,Streptococcaceae,Lactococcus,Lactococcus cremoris,2,,,,,,,,
,,Bacillota,Bacilli,Lactobacillales,Streptococcaceae,Lactococcus,Lactococcus lactis,2,,,,,,,,
,,Bacillota,Bacilli,Lactobacillales,Streptococcaceae,Lactococcus,Lactococcus taiwanensis,2,,,,,,,,
,,Bacillota,Clostridia,Eubacteriales,Clostridiaceae,Clostridium,Clostridium butyricum,2,,,,,,,,
,,Bacillota,Clostridia,Eubacteriales,Oscillospiraceae,Oscillibacter,Oscillibacter ruminantium,2,,,,,,,,
,,Bacillota,Clostridia,Eubacteriales,Oscillospiraceae,Oscillibacter,Oscillibacter valericigenes,2,,,,,,,,
,,Bacillota,Clostridia,Lachnospirales,Lachnospiraceae,Dorea,Dorea formicigenerans,2,,,,,,,,
,,Bacillota,Clostridia,Peptostreptococcales,Peptostreptococcaceae,Romboutsia,Romboutsia timonensis,2,,,,,,,,
,,Bacillota,Tissierellia,Tissierellales,Peptoniphilaceae,Anaerococcus,Anaerococcus mediterraneensis,2,,,,,,,,
,,Bacillota,Tissierellia,Tissierellales,Peptoniphilaceae,Anaerococcus,Anaerococcus murdochii,2,,,,,,,,
,,Bacteroidota,Bacteroidia,Bacteroidales,Rikenellaceae,Alistipes,Alistipes communis,2,,,,,,,,
,,Bacteroidota,Chitinophagia,Chitinophagales,Chitinophagaceae,Flaviaesturariibacter,Flaviaesturariibacter luteus,2,,,,,,,,
,,Bacteroidota,Chitinophagia,Chitinophagales,Chitinophagaceae,Terrimonas,Terrimonas lutea,2,,,,,,,,
,,Bacteroidota,Flavobacteriia,Flavobacteriales,Flavobacteriaceae,Flavobacterium,Flavobacterium caeni,2,,,,,,,,
,,Myxococcota,Myxococcia,Myxococcales,Myxococcaceae,Aggregicoccus,Aggregicoccus edonensis,2,,,,,,,,
,,Pseudomonadota,Alphaproteobacteria,Hyphomicrobiales,Devosiaceae,Devosia,Devosia humi,2,,,,,,,,
,,Pseudomonadota,Alphaproteobacteria,Hyphomicrobiales,Devosiaceae,Devosia,Devosia insulae,2,,,,,,,,
,,Pseudomonadota,Alphaproteobacteria,Hyphomicrobiales,Methylobacteriaceae,Microvirga,Microvirga ossetica,2,,,,,,,,
,,Pseudomonadota,Alphaproteobacteria,Hyphomicrobiales,Methylobacteriaceae,Microvirga,Microvirga rosea,2,,,,,,,,
,,Pseudomonadota,Alphaproteobacteria,Hyphomicrobiales,Methylobacteriaceae,Microvirga,Microvirga zambiensis,2,,,,,,,,
,,Pseudomonadota,Alphaproteobacteria,Hyphomicrobiales,Nitrobacteraceae,Bradyrhizobium,Bradyrhizobium cytisi,2,,,,,,,,
,,Pseudomonadota,Alphaproteobacteria,Hyphomicrobiales,Nitrobacteraceae,Bradyrhizobium,Bradyrhizobium manausense,2,,,,,,,,
,,Pseudomonadota,Betaproteobacteria,Burkholderiales,Comamonadaceae,Comamonas,Comamonas thiooxydans,2,,,,,,,,
,,Pseudomonadota,Betaproteobacteria,Burkholderiales,Comamonadaceae,Variovorax,Variovorax boronicumulans,2,,,,,,,,
,,Pseudomonadota,Betaproteobacteria,Burkholderiales,Comamonadaceae,Variovorax,Variovorax ginsengisoli,2,,,,,,,,
,,Pseudomonadota,Betaproteobacteria,Burkholderiales,Comamonadaceae,Variovorax,Variovorax rhizosphaerae,2,,,,,,,,
,,Pseudomonadota,Betaproteobacteria,Burkholderiales,Comamonadaceae,Variovorax,Variovorax robiniae,2,,,,,,,,
,,Pseudomonadota,Betaproteobacteria,Burkholderiales,Sphaerotilaceae,Roseateles,Roseateles asaccharophilus,2,,,,,,,,
,,Pseudomonadota,Betaproteobacteria,Neisseriales,Neisseriaceae,Neisseria,Neisseria polysaccharea,2,,,,,,,,
,,Pseudomonadota,Gammaproteobacteria,Enterobacterales,Enterobacteriaceae,Escherichia,Escherichia fergusonii,2,,,,,,,,
,,Pseudomonadota,Gammaproteobacteria,Lysobacterales,Lysobacteraceae,Arenimonas,Arenimonas daejeonensis,2,,,,,,,,
,,Pseudomonadota,Gammaproteobacteria,Lysobacterales,Lysobacteraceae,Arenimonas,Arenimonas malthae,2,,,,,,,,
,,Pseudomonadota,Gammaproteobacteria,Lysobacterales,Lysobacteraceae,Arenimonas,Arenimonas terrae,2,,,,,,,,
,,Pseudomonadota,Gammaproteobacteria,Lysobacterales,Lysobacteraceae,Pseudoxanthomonas,Pseudoxanthomonas koreensis,2,,,,,,,,
,,Pseudomonadota,Gammaproteobacteria,Moraxellales,Moraxellaceae,Acinetobacter,Acinetobacter qingfengensis,2,,,,,,,,
,,Actinomycetota,Actinomycetes,Bifidobacteriales,Bifidobacteriaceae,Bifidobacterium,Bifidobacterium adolescentis,1,,,,,,,,
,,Actinomycetota,Actinomycetes,Bifidobacteriales,Bifidobacteriaceae,Bifidobacterium,Bifidobacterium faecale,1,,,,,,,,
,,Actinomycetota,Actinomycetes,Geodermatophilales,Geodermatophilaceae,Blastococcus,Blastococcus colisei,1,,,,,,,,
,,Actinomycetota,Actinomycetes,Geodermatophilales,Geodermatophilaceae,Blastococcus,Blastococcus deserti,1,,,,,,,,
,,Actinomycetota,Actinomycetes,Geodermatophilales,Geodermatophilaceae,Geodermatophilus,Geodermatophilus africanus,1,,,,,,,,
,,Actinomycetota,Actinomycetes,Geodermatophilales,Geodermatophilaceae,Geodermatophilus,Geodermatophilus obscurus,1,,,,,,,,
,,Actinomycetota,Actinomycetes,Geodermatophilales,Geodermatophilaceae,Geodermatophilus,Geodermatophilus siccatus,1,,,,,,,,
,,Actinomycetota,Actinomycetes,Kineosporiales,Kineosporiaceae,Kineosporia,Kineosporia rhamnosa,1,,,,,,,,
,,Actinomycetota,Actinomycetes,Kitasatosporales,Streptomycetaceae,Kitasatospora,Kitasatospora aureofaciens,1,,,,,,,,
,,Actinomycetota,Actinomycetes,Kitasatosporales,Streptomycetaceae,Kitasatospora,Kitasatospora herbaricolor,1,,,,,,,,
,,Actinomycetota,Actinomycetes,Kitasatosporales,Streptomycetaceae,Streptomyces,Streptomyces chartreusis,1,,,,,,,,
,,Actinomycetota,Actinomycetes,Kitasatosporales,Streptomycetaceae,Streptomyces,Streptomyces cremeus,1,,,,,,,,
,,Actinomycetota,Actinomycetes,Kitasatosporales,Streptomycetaceae,Streptomyces,Streptomyces libani,1,,,,,,,,
,,Actinomycetota,Actinomycetes,Micrococcales,Microbacteriaceae,Agromyces,Agromyces humatus,1,,,,,,,,
,,Actinomycetota,Actinomycetes,Micrococcales,Microbacteriaceae,Agromyces,Agromyces iriomotensis,1,,,,,,,,
,,Actinomycetota,Actinomycetes,Micrococcales,Microbacteriaceae,Agromyces,Agromyces neolithicus,1,,,,,,,,
,,Actinomycetota,Actinomycetes,Micrococcales,Microbacteriaceae,Salinibacterium,Salinibacterium xinjiangense,1,,,,,,,,
,,Actinomycetota,Actinomycetes,Micrococcales,Micrococcaceae,Arthrobacter,Arthrobacter alpinus,1,,,,,,,,
,,Actinomycetota,Actinomycetes,Micrococcales,Micrococcaceae,Arthrobacter,Arthrobacter cryoconiti,1,,,,,,,,
,,Actinomycetota,Actinomycetes,Micrococcales,Micrococcaceae,Arthrobacter,Arthrobacter dokdonellae,1,,,,,,,,
,,Actinomycetota,Actinomycetes,Micrococcales,Micrococcaceae,Arthrobacter,Arthrobacter globiformis,1,,,,,,,,
,,Actinomycetota,Actinomycetes,Micrococcales,Micrococcaceae,Arthrobacter,Arthrobacter humicola,1,,,,,,,,
,,Actinomycetota,Actinomycetes,Micrococcales,Micrococcaceae,Arthrobacter,Arthrobacter livingstonensis,1,,,,,,,,
,,Actinomycetota,Actinomycetes,Micrococcales,Micrococcaceae,Arthrobacter,Arthrobacter oryzae,1,,,,,,,,
,,Actinomycetota,Actinomycetes,Micrococcales,Micrococcaceae,Arthrobacter,Arthrobacter pascens,1,,,,,,,,
,,Actinomycetota,Actinomycetes,Micrococcales,Micrococcaceae,Arthrobacter,Arthrobacter pokkalii,1,,,,,,,,
,,Actinomycetota,Actinomycetes,Micrococcales,Micrococcaceae,Arthrobacter,Arthrobacter psychrochitiniphilus,1,,,,,,,,
,,Actinomycetota,Actinomycetes,Micrococcales,Micrococcaceae,Paeniglutamicibacter,Paeniglutamicibacter cryotolerans,1,,,,,,,,
,,Actinomycetota,Actinomycetes,Micrococcales,Micrococcaceae,Pseudarthrobacter,Pseudarthrobacter chlorophenolicus,1,,,,,,,,
,,Actinomycetota,Actinomycetes,Micrococcales,Micrococcaceae,Pseudarthrobacter,Pseudarthrobacter defluvii,1,,,,,,,,
,,Actinomycetota,Actinomycetes,Micrococcales,Micrococcaceae,Pseudarthrobacter,Pseudarthrobacter equi,1,,,,,,,,
,,Actinomycetota,Actinomycetes,Micrococcales,Micrococcaceae,Pseudarthrobacter,Pseudarthrobacter oxydans,1,,,,,,,,
,,Actinomycetota,Actinomycetes,Micrococcales,Micrococcaceae,Pseudarthrobacter,Pseudarthrobacter phenanthrenivorans,1,,,,,,,,
,,Actinomycetota,Actinomycetes,Micrococcales,Micrococcaceae,Pseudarthrobacter,Pseudarthrobacter polychromogenes,1,,,,,,,,
,,Actinomycetota,Actinomycetes,Micrococcales,Micrococcaceae,Pseudarthrobacter,Pseudarthrobacter scleromae,1,,,,,,,,
,,Actinomycetota,Actinomycetes,Micrococcales,Micrococcaceae,Pseudarthrobacter,Pseudarthrobacter siccitolerans,1,,,,,,,,
,,Actinomycetota,Actinomycetes,Micrococcales,Micrococcaceae,Pseudarthrobacter,Pseudarthrobacter sulfonivorans,1,,,,,,,,
,,Actinomycetota,Actinomycetes,Micromonosporales,Micromonosporaceae,Paractinoplanes,Paractinoplanes atraurantiacus,1,,,,,,,,
,,Actinomycetota,Actinomycetes,Micromonosporales,Micromonosporaceae,Virgisporangium,Virgisporangium aurantiacum,1,,,,,,,,
,,Actinomycetota,Actinomycetes,Micromonosporales,Micromonosporaceae,Virgisporangium,Virgisporangium myanmarense,1,,,,,,,,
,,Actinomycetota,Actinomycetes,Micromonosporales,Micromonosporaceae,Virgisporangium,Virgisporangium ochraceum,1,,,,,,,,
,,Actinomycetota,Actinomycetes,Mycobacteriales,Corynebacteriaceae,Corynebacterium,Corynebacterium otitidis,1,,,,,,,,
,,Actinomycetota,Actinomycetes,Mycobacteriales,Mycobacteriaceae,Mycobacterium,Mycobacterium europaeum,1,,,,,,,,
,,Actinomycetota,Actinomycetes,Mycobacteriales,Mycobacteriaceae,Mycobacterium,Mycobacterium florentinum,1,,,,,,,,
,,Actinomycetota,Actinomycetes,Mycobacteriales,Mycobacteriaceae,Mycobacterium,Mycobacterium heidelbergense,1,,,,,,,,
,,Actinomycetota,Actinomycetes,Mycobacteriales,Mycobacteriaceae,Mycobacterium,Mycobacterium kubicae,1,,,,,,,,
,,Actinomycetota,Actinomycetes,Mycobacteriales,Mycobacteriaceae,Mycobacterium,Mycobacterium lentiflavum,1,,,,,,,,
,,Actinomycetota,Actinomycetes,Mycobacteriales,Mycobacteriaceae,Mycobacterium,Mycobacterium montefiorense,1,,,,,,,,
,,Actinomycetota,Actinomycetes,Mycobacteriales,Mycobacteriaceae,Mycobacterium,Mycobacterium palustre,1,,,,,,,,
,,Actinomycetota,Actinomycetes,Mycobacteriales,Mycobacteriaceae,Mycobacterium,Mycobacterium parascrofulaceum,1,,,,,,,,
,,Actinomycetota,Actinomycetes,Mycobacteriales,Mycobacteriaceae,Mycobacterium,Mycobacterium parmense,1,,,,,,,,
,,Actinomycetota,Actinomycetes,Mycobacteriales,Mycobacteriaceae,Mycobacterium,Mycobacterium sherrisii,1,,,,,,,,
,,Actinomycetota,Actinomycetes,Mycobacteriales,Mycobacteriaceae,Mycobacterium,Mycobacterium shigaense,1,,,,,,,,
,,Actinomycetota,Actinomycetes,Mycobacteriales,Mycobacteriaceae,Mycobacterium,Mycobacterium stomatepiae,1,,,,,,,,
,,Actinomycetota,Actinomycetes,Mycobacteriales,Mycobacteriaceae,Mycobacterium,Mycobacterium triplex,1,,,,,,,,
,,Actinomycetota,Actinomycetes,Mycobacteriales,Mycobacteriaceae,Mycolicibacterium,Mycolicibacterium doricum,1,,,,,,,,
,,Actinomycetota,Actinomycetes,Mycobacteriales,Mycobacteriaceae,Mycolicibacterium,Mycolicibacterium monacense,1,,,,,,,,
,,Actinomycetota,Actinomycetes,Mycobacteriales,Nocardiaceae,Rhodococcus,Rhodococcus oryzae,1,,,,,,,,
,,Actinomycetota,Actinomycetes,Propionibacteriales,Nocardioidaceae,Nocardioides,Nocardioides aestuarii,1,,,,,,,,
,,Actinomycetota,Actinomycetes,Propionibacteriales,Nocardioidaceae,Nocardioides,Nocardioides cavernae,1,,,,,,,,
,,Actinomycetota,Actinomycetes,Propionibacteriales,Nocardioidaceae,Nocardioides,Nocardioides dokdonensis,1,,,,,,,,
,,Actinomycetota,Actinomycetes,Propionibacteriales,Nocardioidaceae,Nocardioides,Nocardioides halotolerans,1,,,,,,,,
,,Actinomycetota,Actinomycetes,Propionibacteriales,Nocardioidaceae,Nocardioides,Nocardioides hungaricus,1,,,,,,,,
,,Actinomycetota,Actinomycetes,Propionibacteriales,Nocardioidaceae,Nocardioides,Nocardioides hwasunensis,1,,,,,,,,
,,Actinomycetota,Actinomycetes,Propionibacteriales,Nocardioidaceae,Nocardioides,Nocardioides insulae,1,,,,,,,,
,,Actinomycetota,Actinomycetes,Propionibacteriales,Nocardioidaceae,Nocardioides,Nocardioides lianchengensis,1,,,,,,,,
,,Actinomycetota,Actinomycetes,Propionibacteriales,Nocardioidaceae,Nocardioides,Nocardioides marinisabuli,1,,,,,,,,
,,Actinomycetota,Actinomycetes,Propionibacteriales,Nocardioidaceae,Nocardioides,Nocardioides opuntiae,1,,,,,,,,
,,Actinomycetota,Actinomycetes,Propionibacteriales,Nocardioidaceae,Nocardioides,Nocardioides panacihumi,1,,,,,,,,
,,Actinomycetota,Actinomycetes,Propionibacteriales,Propionibacteriaceae,Microlunatus,Microlunatus ginsengisoli,1,,,,,,,,
,,Actinomycetota,Actinomycetes,Propionibacteriales,Propionibacteriaceae,Microlunatus,Microlunatus panaciterrae,1,,,,,,,,
,,Actinomycetota,Actinomycetes,Pseudonocardiales,Pseudonocardiaceae,Actinomycetospora,Actinomycetospora callitridis,1,,,,,,,,
,,Actinomycetota,Actinomycetes,Pseudonocardiales,Pseudonocardiaceae,Actinomycetospora,Actinomycetospora iriomotensis,1,,,,,,,,
,,Actinomycetota,Actinomycetes,Pseudonocardiales,Pseudonocardiaceae,Pseudonocardia,Pseudonocardia ailaonensis,1,,,,,,,,
,,Actinomycetota,Actinomycetes,Pseudonocardiales,Pseudonocardiaceae,Pseudonocardia,Pseudonocardia halophobica,1,,,,,,,,
,,Actinomycetota,Actinomycetes,Pseudonocardiales,Pseudonocardiaceae,Pseudonocardia,Pseudonocardia kujensis,1,,,,,,,,
,,Actinomycetota,Actinomycetes,Pseudonocardiales,Pseudonocardiaceae,Pseudonocardia,Pseudonocardia profundimaris,1,,,,,,,,
,,Actinomycetota,Actinomycetes,Pseudonocardiales,Pseudonocardiaceae,Pseudonocardia,Pseudonocardia thailandensis,1,,,,,,,,
,,Actinomycetota,Actinomycetes,Pseudonocardiales,Pseudonocardiaceae,Pseudonocardia,Pseudonocardia xishanensis,1,,,,,,,,
,,Actinomycetota,Actinomycetes,Pseudonocardiales,Pseudonocardiaceae,Pseudonocardia,Pseudonocardia yuanmonensis,1,,,,,,,,
,,Actinomycetota,Actinomycetes,Sporichthyales,Sporichthyaceae,Sporichthya,Sporichthya brevicatena,1,,,,,,,,
,,Actinomycetota,Actinomycetes,Sporichthyales,Sporichthyaceae,Sporichthya,Sporichthya polymorpha,1,,,,,,,,
,,Actinomycetota,Actinomycetes,Streptosporangiales,Streptosporangiaceae,Nonomuraea,Nonomuraea antimicrobica,1,,,,,,,,
,,Actinomycetota,Actinomycetes,Streptosporangiales,Streptosporangiaceae,Nonomuraea,Nonomuraea bangladeshensis,1,,,,,,,,
,,Actinomycetota,Actinomycetes,Streptosporangiales,Streptosporangiaceae,Nonomuraea,Nonomuraea candida,1,,,,,,,,
,,Actinomycetota,Actinomycetes,Streptosporangiales,Streptosporangiaceae,Nonomuraea,Nonomuraea cavernae,1,,,,,,,,
,,Actinomycetota,Actinomycetes,Streptosporangiales,Streptosporangiaceae,Nonomuraea,Nonomuraea coxensis,1,,,,,,,,
,,Actinomycetota,Actinomycetes,Streptosporangiales,Streptosporangiaceae,Nonomuraea,Nonomuraea endophytica,1,,,,,,,,
,,Actinomycetota,Actinomycetes,Streptosporangiales,Streptosporangiaceae,Nonomuraea,Nonomuraea glycinis,1,,,,,,,,
,,Actinomycetota,Actinomycetes,Streptosporangiales,Streptosporangiaceae,Nonomuraea,Nonomuraea guangzhouensis,1,,,,,,,,
,,Actinomycetota,Actinomycetes,Streptosporangiales,Streptosporangiaceae,Nonomuraea,Nonomuraea jiangxiensis,1,,,,,,,,
,,Actinomycetota,Actinomycetes,Streptosporangiales,Streptosporangiaceae,Nonomuraea,Nonomuraea kuesteri,1,,,,,,,,
,,Actinomycetota,Actinomycetes,Streptosporangiales,Streptosporangiaceae,Nonomuraea,Nonomuraea lactucae,1,,,,,,,,
,,Actinomycetota,Actinomycetes,Streptosporangiales,Streptosporangiaceae,Nonomuraea,Nonomuraea maheshkhaliensis,1,,,,,,,,
,,Actinomycetota,Actinomycetes,Streptosporangiales,Streptosporangiaceae,Nonomuraea,Nonomuraea rubra,1,,,,,,,,
,,Actinomycetota,Actinomycetes,Streptosporangiales,Streptosporangiaceae,Nonomuraea,Nonomuraea salmonea,1,,,,,,,,
,,Actinomycetota,Actinomycetes,Streptosporangiales,Streptosporangiaceae,Nonomuraea,Nonomuraea wenchangensis,1,,,,,,,,
,,Actinomycetota,Actinomycetes,Streptosporangiales,Thermomonosporaceae,Actinomadura,Actinomadura rudentiformis,1,,,,,,,,
,,Actinomycetota,Actinomycetes,Streptosporangiales,Thermomonosporaceae,Thermostaphylospora,Thermostaphylospora grisealba,1,,,,,,,,
,,Actinomycetota,Thermoleophilia,Solirubrobacterales,Conexibacteraceae,Conexibacter,Conexibacter stalactiti,1,,,,,,,,
,,Bacillota,Bacilli,Bacillales,Alicyclobacillaceae,Tumebacillus,Tumebacillus ginsengisoli,1,,,,,,,,
,,Bacillota,Bacilli,Bacillales,Bacillaceae,Alkalihalobacterium,Alkalihalobacterium alkalinitrilicum,1,,,,,,,,
,,Bacillota,Bacilli,Bacillales,Bacillaceae,Gottfriedia,Gottfriedia solisilvae,1,,,,,,,,
,,Bacillota,Bacilli,Bacillales,Bacillaceae,Halalkalibacter,Halalkalibacter alkalisediminis,1,,,,,,,,
,,Bacillota,Bacilli,Bacillales,Bacillaceae,Halalkalibacter,Halalkalibacter urbisdiaboli,1,,,,,,,,
,,Bacillota,Bacilli,Bacillales,Bacillaceae,Paraliobacillus,Paraliobacillus sediminis,1,,,,,,,,
,,Bacillota,Bacilli,Bacillales,Bacillaceae,Peribacillus,Peribacillus deserti,1,,,,,,,,
,,Bacillota,Bacilli,Bacillales,Bacillaceae,Peribacillus,Peribacillus simplex,1,,,,,,,,
,,Bacillota,Bacilli,Bacillales,Bacillaceae,Polygonibacillus,Polygonibacillus indicireducens,1,,,,,,,,
,,Bacillota,Bacilli,Bacillales,Bacillaceae,Swionibacillus,Swionibacillus sediminis,1,,,,,,,,
,,Bacillota,Bacilli,Bacillales,Listeriaceae,Listeria,Listeria cornellensis,1,,,,,,,,
,,Bacillota,Bacilli,Bacillales,Listeriaceae,Listeria,Listeria riparia,1,,,,,,,,
,,Bacillota,Bacilli,Bacillales,Listeriaceae,Listeria,Listeria weihenstephanensis,1,,,,,,,,
,,Bacillota,Bacilli,Bacillales,Paenibacillaceae,Paenibacillus,Paenibacillus amylolyticus,1,,,,,,,,
,,Bacillota,Bacilli,Bacillales,Paenibacillaceae,Paenibacillus,Paenibacillus mobilis,1,,,,,,,,
,,Bacillota,Bacilli,Bacillales,Paenibacillaceae,Paenibacillus,Paenibacillus pabuli,1,,,,,,,,
,,Bacillota,Bacilli,Bacillales,Paenibacillaceae,Paenibacillus,Paenibacillus seodonensis,1,,,,,,,,
,,Bacillota,Bacilli,Bacillales,Paenibacillaceae,Paenibacillus,Paenibacillus taichungensis,1,,,,,,,,
,,Bacillota,Bacilli,Bacillales,Paenibacillaceae,Paenibacillus,Paenibacillus tundrae,1,,,,,,,,
,,Bacillota,Bacilli,Bacillales,Paenibacillaceae,Paenibacillus,Paenibacillus tylopili,1,,,,,,,,
,,Bacillota,Bacilli,Bacillales,Paenibacillaceae,Paenibacillus,Paenibacillus xylanexedens,1,,,,,,,,
,,Bacillota,Bacilli,Bacillales,Paenibacillaceae,Paenibacillus,Paenibacillus xylanilyticus,1,,,,,,,,
,,Bacillota,Bacilli,Bacillales,Staphylococcaceae,Macrococcus,Macrococcus bovicus,1,,,,,,,,
,,Bacillota,Bacilli,Bacillales,Staphylococcaceae,Staphylococcus,Staphylococcus cohnii,1,,,,,,,,
,,Bacillota,Bacilli,Bacillales,Staphylococcaceae,Staphylococcus,Staphylococcus equorum,1,,,,,,,,
,,Bacillota,Bacilli,Bacillales,Staphylococcaceae,Staphylococcus,Staphylococcus intermedius,1,,,,,,,,
,,Bacillota,Bacilli,Bacillales,Staphylococcaceae,Staphylococcus,Staphylococcus saccharolyticus,1,,,,,,,,
,,Bacillota,Bacilli,Lactobacillales,Enterococcaceae,Enterococcus,Enterococcus canintestini,1,,,,,,,,
,,Bacillota,Bacilli,Lactobacillales,Enterococcaceae,Enterococcus,Enterococcus diestrammenae,1,,,,,,,,
,,Bacillota,Bacilli,Lactobacillales,Enterococcaceae,Enterococcus,Enterococcus pallens,1,,,,,,,,
,,Bacillota,Bacilli,Lactobacillales,Enterococcaceae,Enterococcus,Enterococcus pseudoavium,1,,,,,,,,
,,Bacillota,Bacilli,Lactobacillales,Enterococcaceae,Enterococcus,Enterococcus quebecensis,1,,,,,,,,
,,Bacillota,Bacilli,Lactobacillales,Enterococcaceae,Enterococcus,Enterococcus ureasiticus,1,,,,,,,,
,,Bacillota,Bacilli,Lactobacillales,Enterococcaceae,Enterococcus,Enterococcus ureilyticus,1,,,,,,,,
,,Bacillota,Bacilli,Lactobacillales,Lactobacillaceae,Lactobacillus,Lactobacillus amylolyticus,1,,,,,,,,
,,Bacillota,Bacilli,Lactobacillales,Lactobacillaceae,Lactobacillus,Lactobacillus colini,1,,,,,,,,
,,Bacillota,Bacilli,Lactobacillales,Lactobacillaceae,Lactobacillus,Lactobacillus helveticus,1,,,,,,,,
,,Bacillota,Bacilli,Lactobacillales,Streptococcaceae,Streptococcus,Streptococcus oralis,1,,,,,,,,
,,Bacillota,Bacilli,Lactobacillales,Streptococcaceae,Streptococcus,Streptococcus phocae,1,,,,,,,,
,,Bacillota,Bacilli,Lactobacillales,Streptococcaceae,Streptococcus,Streptococcus sanguinis,1,,,,,,,,
,,Bacillota,Clostridia,Eubacteriales,Clostridiaceae,Clostridium,Clostridium puniceum,1,,,,,,,,
,,Bacillota,Clostridia,Eubacteriales,Oscillospiraceae,Lawsonibacter,Lawsonibacter asaccharolyticus,1,,,,,,,,
,,Bacillota,Clostridia,Lachnospirales,Lachnospiraceae,Blautia,Blautia stercoris,1,,,,,,,,
,,Bacillota,Clostridia,Lachnospirales,Lachnospiraceae,Lachnospira,Lachnospira pectinoschiza,1,,,,,,,,
,,Bacillota,Erysipelotrichia,Erysipelotrichales,Erysipelotrichaceae,Dielma,Dielma fastidiosa,1,,,,,,,,
,,Bacteroidota,Bacteroidia,Bacteroidales,Bacteroidaceae,Bacteroides,Bacteroides caecimuris,1,,,,,,,,
,,Bacteroidota,Bacteroidia,Bacteroidales,Bacteroidaceae,Phocaeicola,Phocaeicola sartorii,1,,,,,,,,
,,Bacteroidota,Bacteroidia,Bacteroidales,Barnesiellaceae,Coprobacter,Coprobacter fastidiosus,1,,,,,,,,
,,Bacteroidota,Bacteroidia,Bacteroidales,Odoribacteraceae,Butyricimonas,Butyricimonas faecihominis,1,,,,,,,,
,,Bacteroidota,Bacteroidia,Bacteroidales,Odoribacteraceae,Butyricimonas,Butyricimonas paravirosa,1,,,,,,,,
,,Bacteroidota,Bacteroidia,Bacteroidales,Rikenellaceae,Alistipes,Alistipes onderdonkii,1,,,,,,,,
,,Bacteroidota,Chitinophagia,Chitinophagales,Chitinophagaceae,Flavisolibacter,Flavisolibacter metallilatus,1,,,,,,,,
,,Bacteroidota,Chitinophagia,Chitinophagales,Chitinophagaceae,Niastella,Niastella gongjuensis,1,,,,,,,,
,,Bacteroidota,Cytophagia,Cytophagales,Hymenobacteraceae,Adhaeribacter,Adhaeribacter terrae,1,,,,,,,,
,,Bacteroidota,Cytophagia,Cytophagales,Hymenobacteraceae,Adhaeribacter,Adhaeribacter terreus,1,,,,,,,,
,,Bacteroidota,Cytophagia,Cytophagales,Spirosomataceae,Dyadobacter,Dyadobacter jiangsuensis,1,,,,,,,,
,,Bacteroidota,Flavobacteriia,Flavobacteriales,Flavobacteriaceae,Flavobacterium,Flavobacterium nitratireducens,1,,,,,,,,
,,Bacteroidota,Sphingobacteriia,Sphingobacteriales,Sphingobacteriaceae,Daejeonella,Daejeonella huanghensis,1,,,,,,,,
,,Bacteroidota,Sphingobacteriia,Sphingobacteriales,Sphingobacteriaceae,Solitalea,Solitalea koreensis,1,,,,,,,,
,,Campylobacterota,Epsilonproteobacteria,Campylobacterales,Helicobacteraceae,Helicobacter,Helicobacter cetorum,1,,,,,,,,
,,Nitrospirota,Nitrospiria,Nitrospirales,Nitrospiraceae,Nitrospira,Nitrospira japonica,1,,,,,,,,
,,Pseudomonadota,Alphaproteobacteria,Caulobacterales,Caulobacteraceae,Phenylobacterium,Phenylobacterium mobile,1,,,,,,,,
,,Pseudomonadota,Alphaproteobacteria,Hyphomicrobiales,Beijerinckiaceae,Methylorosula,Methylorosula polaris,1,,,,,,,,
,,Pseudomonadota,Alphaproteobacteria,Hyphomicrobiales,Devosiaceae,Devosia,Devosia confluentis,1,,,,,,,,
,,Pseudomonadota,Alphaproteobacteria,Hyphomicrobiales,Hyphomicrobiaceae,Hyphomicrobium,Hyphomicrobium facile,1,,,,,,,,
,,Pseudomonadota,Alphaproteobacteria,Hyphomicrobiales,Methylobacteriaceae,Methylobacterium,Methylobacterium iners,1,,,,,,,,
,,Pseudomonadota,Alphaproteobacteria,Hyphomicrobiales,Methylobacteriaceae,Microvirga,Microvirga massiliensis,1,,,,,,,,
,,Pseudomonadota,Alphaproteobacteria,Hyphomicrobiales,Phyllobacteriaceae,Mesorhizobium,Mesorhizobium abyssinicae,1,,,,,,,,
,,Pseudomonadota,Alphaproteobacteria,Hyphomicrobiales,Phyllobacteriaceae,Mesorhizobium,Mesorhizobium albiziae,1,,,,,,,,
,,Pseudomonadota,Alphaproteobacteria,Hyphomicrobiales,Phyllobacteriaceae,Mesorhizobium,Mesorhizobium amorphae,1,,,,,,,,
,,Pseudomonadota,Alphaproteobacteria,Hyphomicrobiales,Phyllobacteriaceae,Mesorhizobium,Mesorhizobium caraganae,1,,,,,,,,
,,Pseudomonadota,Alphaproteobacteria,Hyphomicrobiales,Phyllobacteriaceae,Mesorhizobium,Mesorhizobium carmichaelinearum,1,,,,,,,,
,,Pseudomonadota,Alphaproteobacteria,Hyphomicrobiales,Phyllobacteriaceae,Mesorhizobium,Mesorhizobium delmotii,1,,,,,,,,
,,Pseudomonadota,Alphaproteobacteria,Hyphomicrobiales,Phyllobacteriaceae,Mesorhizobium,Mesorhizobium denitrificans,1,,,,,,,,
,,Pseudomonadota,Alphaproteobacteria,Hyphomicrobiales,Phyllobacteriaceae,Mesorhizobium,Mesorhizobium erdmanii,1,,,,,,,,
,,Pseudomonadota,Alphaproteobacteria,Hyphomicrobiales,Phyllobacteriaceae,Mesorhizobium,Mesorhizobium gobiense,1,,,,,,,,
,,Pseudomonadota,Alphaproteobacteria,Hyphomicrobiales,Phyllobacteriaceae,Mesorhizobium,Mesorhizobium helmanticense,1,,,,,,,,
,,Pseudomonadota,Alphaproteobacteria,Hyphomicrobiales,Phyllobacteriaceae,Mesorhizobium,Mesorhizobium huakuii,1,,,,,,,,
,,Pseudomonadota,Alphaproteobacteria,Hyphomicrobiales,Phyllobacteriaceae,Mesorhizobium,Mesorhizobium jarvisii,1,,,,,,,,
,,Pseudomonadota,Alphaproteobacteria,Hyphomicrobiales,Phyllobacteriaceae,Mesorhizobium,Mesorhizobium mediterraneum,1,,,,,,,,
,,Pseudomonadota,Alphaproteobacteria,Hyphomicrobiales,Phyllobacteriaceae,Mesorhizobium,Mesorhizobium metallidurans,1,,,,,,,,
,,Pseudomonadota,Alphaproteobacteria,Hyphomicrobiales,Phyllobacteriaceae,Mesorhizobium,Mesorhizobium opportunistum,1,,,,,,,,
,,Pseudomonadota,Alphaproteobacteria,Hyphomicrobiales,Phyllobacteriaceae,Mesorhizobium,Mesorhizobium prunaredense,1,,,,,,,,
,,Pseudomonadota,Alphaproteobacteria,Hyphomicrobiales,Phyllobacteriaceae,Mesorhizobium,Mesorhizobium robiniae,1,,,,,,,,
,,Pseudomonadota,Alphaproteobacteria,Hyphomicrobiales,Phyllobacteriaceae,Mesorhizobium,Mesorhizobium shonense,1,,,,,,,,
,,Pseudomonadota,Alphaproteobacteria,Hyphomicrobiales,Phyllobacteriaceae,Mesorhizobium,Mesorhizobium silamurunense,1,,,,,,,,
,,Pseudomonadota,Alphaproteobacteria,Hyphomicrobiales,Phyllobacteriaceae,Mesorhizobium,Mesorhizobium tamadayense,1,,,,,,,,
,,Pseudomonadota,Alphaproteobacteria,Hyphomicrobiales,Phyllobacteriaceae,Mesorhizobium,Mesorhizobium tarimense,1,,,,,,,,
,,Pseudomonadota,Alphaproteobacteria,Hyphomicrobiales,Phyllobacteriaceae,Mesorhizobium,Mesorhizobium temperatum,1,,,,,,,,
,,Pseudomonadota,Alphaproteobacteria,Hyphomicrobiales,Phyllobacteriaceae,Mesorhizobium,Mesorhizobium thiogangeticum,1,,,,,,,,
,,Pseudomonadota,Alphaproteobacteria,Hyphomicrobiales,Phyllobacteriaceae,Mesorhizobium,Mesorhizobium tianshanense,1,,,,,,,,
,,Pseudomonadota,Alphaproteobacteria,Hyphomicrobiales,Phyllobacteriaceae,Mesorhizobium,Mesorhizobium waimense,1,,,,,,,,
,,Pseudomonadota,Alphaproteobacteria,Hyphomicrobiales,Reyranellaceae,Reyranella,Reyranella aquatilis,1,,,,,,,,
,,Pseudomonadota,Alphaproteobacteria,Hyphomicrobiales,Reyranellaceae,Reyranella,Reyranella terrae,1,,,,,,,,
,,Pseudomonadota,Alphaproteobacteria,Hyphomicrobiales,Rhizobiaceae,Rhizobium,Rhizobium aegyptiacum,1,,,,,,,,
,,Pseudomonadota,Alphaproteobacteria,Hyphomicrobiales,Rhizobiaceae,Rhizobium,Rhizobium aethiopicum,1,,,,,,,,
,,Pseudomonadota,Alphaproteobacteria,Hyphomicrobiales,Rhizobiaceae,Rhizobium,Rhizobium bangladeshense,1,,,,,,,,
,,Pseudomonadota,Alphaproteobacteria,Hyphomicrobiales,Rhizobiaceae,Rhizobium,Rhizobium chutanense,1,,,,,,,,
,,Pseudomonadota,Alphaproteobacteria,Hyphomicrobiales,Rhizobiaceae,Rhizobium,Rhizobium esperanzae,1,,,,,,,,
,,Pseudomonadota,Alphaproteobacteria,Hyphomicrobiales,Rhizobiaceae,Rhizobium,Rhizobium etli,1,,,,,,,,
,,Pseudomonadota,Alphaproteobacteria,Hyphomicrobiales,Rhizobiaceae,Rhizobium,Rhizobium freirei,1,,,,,,,,
,,Pseudomonadota,Alphaproteobacteria,Hyphomicrobiales,Rhizobiaceae,Rhizobium,Rhizobium indigoferae,1,,,,,,,,
,,Pseudomonadota,Alphaproteobacteria,Hyphomicrobiales,Rhizobiaceae,Rhizobium,Rhizobium leguminosarum,1,,,,,,,,
,,Pseudomonadota,Alphaproteobacteria,Hyphomicrobiales,Rhizobiaceae,Rhizobium,Rhizobium leucaenae,1,,,,,,,,
,,Pseudomonadota,Alphaproteobacteria,Hyphomicrobiales,Rhizobiaceae,Rhizobium,Rhizobium lusitanum,1,,,,,,,,
,,Pseudomonadota,Alphaproteobacteria,Hyphomicrobiales,Rhizobiaceae,Rhizobium,Rhizobium mayense,1,,,,,,,,
,,Pseudomonadota,Alphaproteobacteria,Hyphomicrobiales,Rhizobiaceae,Rhizobium,Rhizobium paranaense,1,,,,,,,,
,,Pseudomonadota,Alphaproteobacteria,Hyphomicrobiales,Rhizobiaceae,Rhizobium,Rhizobium phaseoli,1,,,,,,,,
,,Pseudomonadota,Alphaproteobacteria,Hyphomicrobiales,Rhizobiaceae,Rhizobium,Rhizobium rhizogenes,1,,,,,,,,
,,Pseudomonadota,Alphaproteobacteria,Hyphomicrobiales,Rhizobiaceae,Rhizobium,Rhizobium tropici,1,,,,,,,,
,,Pseudomonadota,Alphaproteobacteria,Hyphomicrobiales,Rhizobiaceae,Rhizobium,Rhizobium vallis,1,,,,,,,,
,,Pseudomonadota,Alphaproteobacteria,Hyphomicrobiales,Xanthobacteraceae,Labrys,Labrys wisconsinensis,1,,,,,,,,
,,Pseudomonadota,Alphaproteobacteria,Hyphomicrobiales,,Pseudorhodoplanes,Pseudorhodoplanes sinuspersici,1,,,,,,,,
,,Pseudomonadota,Alphaproteobacteria,Rhodospirillales,Azospirillaceae,Skermanella,Skermanella mucosa,1,,,,,,,,
,,Pseudomonadota,Alphaproteobacteria,Rhodospirillales,Azospirillaceae,Skermanella,Skermanella rosea,1,,,,,,,,
,,Pseudomonadota,Alphaproteobacteria,Rhodospirillales,Azospirillaceae,Skermanella,Skermanella stibiiresistens,1,,,,,,,,
,,Pseudomonadota,Alphaproteobacteria,Sphingomonadales,Sphingomonadaceae,Novosphingobium,Novosphingobium barchaimii,1,,,,,,,,
,,Pseudomonadota,Alphaproteobacteria,Sphingomonadales,Sphingomonadaceae,Sphingomonas,Sphingomonas agri,1,,,,,,,,
,,Pseudomonadota,Alphaproteobacteria,Sphingomonadales,Sphingomonadaceae,Sphingomonas,Sphingomonas cynarae,1,,,,,,,,
,,Pseudomonadota,Alphaproteobacteria,Sphingomonadales,Sphingomonadaceae,Sphingomonas,Sphingomonas kaistensis,1,,,,,,,,
,,Pseudomonadota,Alphaproteobacteria,Sphingomonadales,Sphingomonadaceae,Sphingomonas,Sphingomonas limnosediminicola,1,,,,,,,,
,,Pseudomonadota,Alphaproteobacteria,Sphingomonadales,Sphingosinicellaceae,Sphingosinicella,Sphingosinicella cucumeris,1,,,,,,,,
,,Pseudomonadota,Betaproteobacteria,Burkholderiales,Comamonadaceae,Albitalea,Albitalea terrae,1,,,,,,,,
,,Pseudomonadota,Gammaproteobacteria,Enterobacterales,Enterobacteriaceae,Citrobacter,Citrobacter koseri,1,,,,,,,,
,,Pseudomonadota,Gammaproteobacteria,Legionellales,Coxiellaceae,Aquicella,Aquicella siphonis,1,,,,,,,,
,,Pseudomonadota,Gammaproteobacteria,Lysobacterales,Lysobacteraceae,Luteimonas,Luteimonas notoginsengisoli,1,,,,,,,,
,,Pseudomonadota,Gammaproteobacteria,Lysobacterales,Lysobacteraceae,Stenotrophomonas,Stenotrophomonas geniculata,1,,,,,,,,
,,Pseudomonadota,Gammaproteobacteria,Lysobacterales,Lysobacteraceae,Thermomonas,Thermomonas carbonis,1,,,,,,,,
,,Pseudomonadota,Gammaproteobacteria,Lysobacterales,Rhodanobacteraceae,Tahibacter,Tahibacter aquaticus,1,,,,,,,,
,,Pseudomonadota,Gammaproteobacteria,Moraxellales,Moraxellaceae,Acinetobacter,Acinetobacter gerneri,1,,,,,,,,
,,Pseudomonadota,Gammaproteobacteria,Moraxellales,Moraxellaceae,Acinetobacter,Acinetobacter piscicola,1,,,,,,,,
,,Pseudomonadota,Gammaproteobacteria,Pseudomonadales,Pseudomonadaceae,Pseudomonas,Pseudomonas oryzae,1,,,,,,,,
,,Verrucomicrobiota,Spartobacteria,Chthoniobacterales,Chthoniobacteraceae,Chthoniobacter,Chthoniobacter flavus,1,,,,,,,,
,,Verrucomicrobiota,Verrucomicrobiia,Verrucomicrobiales,Verrucomicrobiaceae,Luteolibacter,Luteolibacter arcticus,1,,,,,,,,
,,Verrucomicrobiota,Verrucomicrobiia,Verrucomicrobiales,Verrucomicrobiaceae,Luteolibacter,Luteolibacter gellanilyticus,1,,,,,,,,
,,Verrucomicrobiota,Verrucomicrobiia,Verrucomicrobiales,Verrucomicrobiaceae,Luteolibacter,Luteolibacter luojiensis,1,,,,,,,,
