"superkingdom","kingdom","phylum","class","order","family","genus","species","read_counts","Proportion","readsEM","EMProportion","IDs","TaxonomyIDs","read_proportions","uniqueness_score","species_percentage_hit","genus_percentage_hit","species_contaminant_score","genus_contaminant_score","best_hit_genus","best_hit_species"
NA,NA,"Bacillota","Bacilli","Bacillales","Staphylococcaceae","Staphylococcus","Staphylococcus aureus",42247,0.0913093282614334,40037.6,0.0865508302769525,"1","1280","1","6","1","1","1","0","Staphylococcus","aureus"
NA,NA,"Bacillota","Clostridia","Eubacteriales","Clostridiaceae","Clostridium","Clostridium beijerinckii",42187,0.0911796490014697,42088.5,0.09098435612666,"2","1520","1","4","1","1","1","0","Clostridium","beijerinckii"
NA,NA,"Bacillota","Bacilli","Bacillales","Bacillaceae","Bacillus","Bacillus cereus",30965,0.0669253047462609,29611.2,0.0640116222658465,"3","1396","1","10","0","1","1","0","Bacillus","albus"
NA,NA,"Bacteroidota","Bacteroidia","Bacteroidales","Bacteroidaceae","Phocaeicola","Phocaeicola vulgatus",27282,0.0589651595054898,27282,0.0589764913706497,"4","821","1","2","1","1","0.5","0","Phocaeicola","vulgatus"
NA,NA,"Pseudomonadota","Betaproteobacteria","Neisseriales","Neisseriaceae","Neisseria","Neisseria meningitidis",26882,0.0581006311057318,26882,0.0581118088314182,"5","487","1","1","1","1","0","0","Neisseria","meningitidis"
NA,NA,"Deinococcota","Deinococci","Deinococcales","Deinococcaceae","Deinococcus","Deinococcus radiodurans",25573,0.055271461917524,25573,0.0552820958470873,"6","1299","1","1","1","1","0","0","Deinococcus","radiodurans"
NA,NA,"Pseudomonadota","Gammaproteobacteria","Moraxellales","Moraxellaceae","Acinetobacter","Acinetobacter baumannii",24065,0.0520121898504366,24065,0.0520221966965682,"7","470","1","1","1","1","0","0","Acinetobacter","baumannii"
NA,NA,"Bacillota","Bacilli","Lactobacillales","Streptococcaceae","Streptococcus","Streptococcus mutans",23133,0.0499978386790006,23108.6,0.0499546737424553,"8","1309","1","1","1","1","0","0","Streptococcus","mutans"
NA,NA,"Bacillota","Bacilli","Bacillales","Listeriaceae","Listeria","Listeria seeligeri",22248,0.0480850695945362,21981.8,0.0475189511719422,"9","1640","1","5","1","1","1","0","Listeria","innocua"
NA,NA,"Pseudomonadota","Gammaproteobacteria","Pseudomonadales","Pseudomonadaceae","Pseudomonas","Pseudomonas aeruginosa",21241,0.0459086193481456,21240.7,0.0459168603849296,"10","287","1","1","1","1","0","0","Pseudomonas","aeruginosa"
NA,NA,"Actinomycetota","Actinomycetes","Actinomycetales","Actinomycetaceae","Schaalia","Schaalia odontolytica",18971,0.0410024206795193,18970.9,0.0410101096904099,"11","1660","1","1","1","1","0","0","Schaalia","odontolytica"
NA,NA,"Campylobacterota","Epsilonproteobacteria","Campylobacterales","Helicobacteraceae","Helicobacter","Helicobacter pylori",16966,0.0366689720757327,16966,0.0366760269871225,"12","210","1","1","1","1","0","0","Helicobacter","pylori"
NA,NA,"Bacillota","Bacilli","Lactobacillales","Streptococcaceae","Streptococcus","Streptococcus agalactiae",16252,0.0351257888821648,16263.3,0.0351569210891198,"13","888745","1","9","1","1","0.666666666666667","0","Streptococcus","agalactiae"
NA,NA,"Pseudomonadota","Gammaproteobacteria","Enterobacterales","Enterobacteriaceae","Escherichia","Escherichia coli",13142,0.0284040805740469,12802.8,0.0276763486656614,"14","562","1","7","1","1","1","1","Escherichia","boydii"
NA,NA,"Bacillota","Bacilli","Lactobacillales","Lactobacillaceae","Lactobacillus","Lactobacillus gasseri",12655,0.0273515172473416,12654.8,0.0273563047550798,"15","1596","1","4","1","1","1","0","Lactobacillus","gasseri"
NA,NA,"Pseudomonadota","Alphaproteobacteria","Rhodobacterales","Paracoccaceae","Cereibacter","Cereibacter sphaeroides",11157,0.0241138583902481,11157,0.0241184922493814,"16","1063","1","2","1","1","1","0","Cereibacter","johrii"
NA,NA,"Bacteroidota","Bacteroidia","Bacteroidales","Porphyromonadaceae","Porphyromonas","Porphyromonas gingivalis",10328,0.0223221232817498,10328,0.0223264179208985,"17","837","1","1","1","1","0","0","Porphyromonas","gingivalis"
NA,NA,"Bacillota","Bacilli","Lactobacillales","Enterococcaceae","Enterococcus","Enterococcus faecalis",10287,0.0222335091207746,9439.8,0.0204062831252218,"18","1351","1","9","0","1","1","0","Enterococcus","canis"
NA,NA,"Bacillota","Bacilli","Bacillales","Bacillaceae","Bacillus","Bacillus mycoides",10087,0.0218012449208957,11050.6,0.0238884149421587,"19","1405","1","10","0","1","1","0","Bacillus","albus"
NA,NA,"Bacillota","Bacilli","Bacillales","Staphylococcaceae","Staphylococcus","Staphylococcus epidermidis",8973,0.0193935333275698,7760.3,0.016775807798297,"20","1282","1","6","1","1","1","0","Staphylococcus","aureus"
NA,NA,"Bacillota","Bacilli","Bacillales","Staphylococcaceae","Staphylococcus","Staphylococcus capitis",8878,0.0191882078326273,12080.6,0.0261150190665212,"21","29388","1","6","1","1","1","0","Staphylococcus","aureus"
NA,NA,"Bacillota","Bacilli","Lactobacillales","Enterococcaceae","Enterococcus","Enterococcus hirae",6976,0.0150773752917783,7558.5,0.0163394999637822,"22","1354","1","9","1","1","1","0","Enterococcus","canis"
NA,NA,"Pseudomonadota","Gammaproteobacteria","Enterobacterales","Enterobacteriaceae","Escherichia","Escherichia fergusonii",3410,0.00737010460793637,3747.9,0.00810194584988431,"23","564","1","7","1","1","1","1","Escherichia","boydii"
NA,NA,"Actinomycetota","Actinomycetes","Propionibacteriales","Propionibacteriaceae","Cutibacterium","Cutibacterium acnes",2915,0.00630025071323593,2915.1,0.00630166220614353,"24","1747","1","1","1","1","0","0","Cutibacterium","acnes"
NA,NA,"Bacillota","Bacilli","Bacillales","Bacillaceae","Bacillus","Bacillus thuringiensis",2697,0.00582908273536786,2502.4,0.00540961529422514,"25","1428","1","10","0","1","1","0","Bacillus","albus"
NA,NA,"Bacillota","Bacilli","Lactobacillales","Streptococcaceae","Streptococcus","Streptococcus pneumoniae",2569,0.00555243364744532,2569.3,0.00555418962968212,"26","1313","1","2","1","1","1","0","Streptococcus","pneumoniae"
NA,NA,"Bacillota","Clostridia","Eubacteriales","Clostridiaceae","Clostridium","Clostridium saccharoperbutylacetonicum",2513,0.00543139967147921,2608.9,0.00563966688315344,"27","36745","1","4","1","1","1","0","Clostridium","beijerinckii"
NA,NA,"Bacillota","Bacilli","Bacillales","Listeriaceae","Listeria","Listeria welshimeri",2461,0.00531901097951068,2716.3,0.00587188853523271,"28","1643","1","5","1","1","1","0","Listeria","innocua"
NA,NA,"Bacillota","Bacilli","Bacillales","Staphylococcaceae","Staphylococcus","Staphylococcus petrasii",2068,0.00446961182674851,1448,0.00313023526124133,"29","1276936","1","6","1","1","1","0","Staphylococcus","aureus"
NA,NA,"Bacillota","Bacilli","Lactobacillales","Enterococcaceae","Enterococcus","Enterococcus faecium",1808,0.00390766836690585,1748,0.00377862365671956,"30","1352","1","9","1","1","1","0","Enterococcus","canis"
NA,NA,"Bacteroidota","Bacteroidia","Bacteroidales","Prevotellaceae","Segatella","Segatella copri",1432,0.0030950116711334,1432,0.00309560713459622,"31","537011","1","1","1","1","0","0","Segatella","copri"
NA,NA,"Bacillota","Bacilli","Bacillales","Staphylococcaceae","Staphylococcus","Staphylococcus caprae",1175,0.00253955217428893,1287.5,0.00278322254455764,"32","29380","1","6","0","1","1","0","Staphylococcus","aureus"
NA,NA,"Bacillota","Bacilli","Bacillales","Bacillaceae","Bacillus","Bacillus anthracis",1095,0.00236664649433734,1673.6,0.00361792628082408,"33","1392","1","10","0","1","1","0","Bacillus","albus"
NA,NA,"Bacillota","Bacilli","Lactobacillales","Enterococcaceae","Enterococcus","Enterococcus dispar",900,0.00194518889945535,1148.1,0.00248193647617436,"34","44009","1","9","1","1","1","0","Enterococcus","canis"
NA,NA,"Bacillota","Bacilli","Bacillales","Staphylococcaceae","Staphylococcus","Staphylococcus saccharolyticus",699,0.00151076337857699,1199.6,0.00259326778425709,"35","33028","1","6","1","1","1","0","Staphylococcus","aureus"
NA,NA,"Bacillota","Bacilli","Bacillales","Staphylococcaceae","Staphylococcus","Staphylococcus carnosus",600,0.0012967925996369,682.4,0.00147520733698532,"36","1281","1","10","0.5","1","1","0","Staphylococcus","aureus"
NA,NA,"Bacillota","Bacilli","Lactobacillales","Enterococcaceae","Enterococcus","Enterococcus saccharolyticus",505,0.00109146710469439,514.7,0.0011126715359135,"37","1139996","1","12","0.285714285714286","1","1","0","Enterococcus","canis"
NA,NA,"Bacillota","Bacilli","Bacillales","Staphylococcaceae","Staphylococcus","Staphylococcus saprophyticus",385,0.00083210858476701,377.2,0.000815377894756455,"38","29385","1","10","0.2","1","1","0","Staphylococcus","arlettae"
NA,NA,"Bacillota","Bacilli","Lactobacillales","Enterococcaceae","Enterococcus","Enterococcus durans",278,0.000600847237831763,263.8,0.000570191670792159,"39","53345","1","9","0","1","1","0","Enterococcus","canis"
NA,NA,"Bacillota","Bacilli","Bacillales","Bacillaceae","Bacillus","Bacillus pseudomycoides",264,0.000570588743840235,209.1,0.000452096082636934,"40","64104","1","10","0","1","1","0","Bacillus","albus"
NA,NA,"Bacillota","Bacilli","Bacillales","Staphylococcaceae","Staphylococcus","Staphylococcus pasteuri",244,0.000527362323852339,327.5,0.000708022727392487,"41","45972","1","6","0","1","1","0","Staphylococcus","aureus"
NA,NA,"Bacillota","Bacilli","Lactobacillales","Enterococcaceae","Enterococcus","Enterococcus mundtii",166,0.000358779285899542,224.2,0.00048466580255639,"42","53346","1","9","1","1","1","0","Enterococcus","canis"
NA,NA,"Bacillota","Bacilli","Bacillales","Bacillaceae","Bacillus","Bacillus fungorum",163,0.000352295322901357,155.2,0.00033553668813716,"43","2039284","1","10","0","1","1","0","Bacillus","albus"
NA,NA,"Bacillota","Bacilli","Bacillales","Staphylococcaceae","Staphylococcus","Staphylococcus piscifermentans",149,0.00032203682890983,157.3,0.000340056909308187,"44","70258","1","6","0","1","1","0","Staphylococcus","aureus"
NA,NA,"Bacillota","Bacilli","Lactobacillales","Streptococcaceae","Streptococcus","Streptococcus equinus",142,0.000306907581914066,100.6,0.000217445634222923,"45","1335","1","9","1","1","1","0","Streptococcus","agalactiae"
NA,NA,"Bacillota","Bacilli","Bacillales","Listeriaceae","Listeria","Listeria innocua",139,0.000300423618915881,141.7,0.000306307843413914,"46","1642","1","5","1","1","1","0","Listeria","innocua"
NA,NA,"Bacillota","Bacilli","Lactobacillales","Lactobacillaceae","Lactobacillus","Lactobacillus acidophilus",137,0.000296100976917092,116.1,0.000251044764615171,"47","1579","1","7","1","1","1","0","Lactobacillus","acidophilus"
NA,NA,"Bacillota","Bacilli","Lactobacillales","Enterococcaceae","Enterococcus","Enterococcus avium",134,0.000289617013918907,129.6,0.000280139380543611,"48","33945","1","16","0.5","1","1","0","Enterococcus","avium"
NA,NA,"Pseudomonadota","Gammaproteobacteria","Pseudomonadales","Pseudomonadaceae","Metapseudomonas","Metapseudomonas resinovorans",127,0.000274487766923143,123.5,0.000266944312993773,"49","53412","1","1","0","0","1","1","Pseudomonas","aeruginosa"
NA,NA,"Bacillota","Bacilli","Bacillales","Bacillaceae","Bacillus","Bacillus wiedmannii",114,0.000246390593931011,125.6,0.0002714406945485,"50","1890302","1","10","1","1","1","0","Bacillus","albus"
NA,NA,"Bacillota","Negativicutes","Acidaminococcales","Acidaminococcaceae","Phascolarctobacterium","Phascolarctobacterium faecium",105,0.000226938704936457,105,0.000226982366712711,"51","33025","1","1","1","1","0","0","Phascolarctobacterium","faecium"
NA,NA,"Pseudomonadota","Gammaproteobacteria","Enterobacterales","Enterobacteriaceae","Shigella","Shigella flexneri",92,0.000198841531944324,82.8,0.000178921554066364,"52","623","1","7","1","1","1","1","Escherichia","boydii"
NA,NA,"Bacillota","Bacilli","Bacillales","Staphylococcaceae","Staphylococcus","Staphylococcus hominis",86,0.000185873605947955,77.3,0.000167194952310285,"53","1290","1","7","0","1","1","0","Staphylococcus","aureus"
NA,NA,"Bacillota","Bacilli","Lactobacillales","Enterococcaceae","Enterococcus","Enterococcus pseudoavium",84,0.000181550963949166,83.2,0.000179947384365675,"54","44007","1","9","0","1","1","0","Enterococcus","canis"
NA,NA,"Bacillota","Clostridia","Eubacteriales","Clostridiaceae","Clostridium","Clostridium puniceum",81,0.000175067000950981,82.8,0.000179063530170426,"55","29367","1","4","1","1","1","0","Clostridium","beijerinckii"
NA,NA,"Bacillota","Bacilli","Lactobacillales","Lactobacillaceae","Lactobacillus","Lactobacillus johnsonii",72,0.000155615111956428,70.8,0.00015300551244414,"56","33959","1","7","1","1","1","0","Lactobacillus","acidophilus"
NA,NA,"Bacillota","Bacilli","Lactobacillales","Streptococcaceae","Streptococcus","Streptococcus sanguinis",71,0.000153453790957033,91.3,0.000197282588482936,"57","1305","1","10","0.25","1","0.75","0","Streptococcus","agalactiae"
NA,NA,"Bacillota","Bacilli","Bacillales","Bacillaceae","Bacillus","Bacillus paranthracis",70,0.000151292469957638,116,0.000250713010167284,"58","2026186","1","10","1","1","1","0","Bacillus","albus"
NA,NA,"Bacillota","Bacilli","Bacillales","Staphylococcaceae","Staphylococcus","Staphylococcus intermedius",68,0.000146969827958848,69.8,0.00015092124894278,"59","1285","1","6","0","1","1","0","Staphylococcus","aureus"
NA,NA,"Bacillota","Bacilli","Bacillales","Staphylococcaceae","Staphylococcus","Staphylococcus kloosii",67,0.000144808506959454,57.6,0.000124456043802146,"60","29384","1","2","1","1","1","0","Staphylococcus","arlettae"
NA,NA,"Bacillota","Bacilli","Bacillales","Staphylococcaceae","Staphylococcus","Staphylococcus chromogenes",65,0.000140485864960664,74.6,0.000161164803137298,"61","46126","1","6","0","1","1","0","Staphylococcus","aureus"
NA,NA,"Bacillota","Bacilli","Lactobacillales","Enterococcaceae","Melissococcus","Melissococcus plutonius",65,0.000140485864960664,66.8,0.000144496916483031,"62","940190","1","9","0","0","1","1","Enterococcus","canis"
NA,NA,"Bacillota","Bacilli","Bacillales","Staphylococcaceae","Staphylococcus","Staphylococcus hyicus",63,0.000136163222961874,61.7,0.00013327465677571,"63","1284","1","6","0","1","1","0","Staphylococcus","aureus"
NA,NA,"Bacillota","Bacilli","Lactobacillales","Enterococcaceae","Enterococcus","Enterococcus villorum",62,0.000134001901962479,68.4,0.000147824168562874,"64","112904","1","9","1","1","1","0","Enterococcus","canis"
NA,NA,"Bacillota","Bacilli","Lactobacillales","Enterococcaceae","Enterococcus","Enterococcus phoeniculicola",54,0.000116711333967321,56.1,0.000121371954002273,"65","154621","1","16","0.5","1","1","0","Enterococcus","canis"
NA,NA,"Pseudomonadota","Gammaproteobacteria","Enterobacterales","Enterobacteriaceae","Shigella","Shigella dysenteriae",52,0.000112388691968531,59.4,0.000128357293932736,"66","622","1","1","1","1","0","0","Shigella","dysenteriae"
NA,NA,"Bacillota","Bacilli","Bacillales","Staphylococcaceae","Staphylococcus","Staphylococcus arlettae",41,8.8614160975188e-05,51.4,0.000111211990416005,"67","29378","1","7","0","1","1","0","Staphylococcus","aureus"
NA,NA,"Bacillota","Bacilli","Lactobacillales","Lactobacillaceae","Lactobacillus","Lactobacillus crispatus",41,8.8614160975188e-05,57.5,0.000124271384627825,"68","47770","1","7","1","1","1","0","Lactobacillus","acidophilus"
NA,NA,"Bacillota","Bacilli","Bacillales","Bacillaceae","Bacillus","Bacillus nitratireducens",35,7.56462349788191e-05,53.6,0.000115862728500971,"69","2026193","1","10","1","1","1","0","Bacillus","albus"
NA,NA,"Bacillota","Bacilli","Bacillales","Staphylococcaceae","Staphylococcus","Staphylococcus agnetis",34,7.34849139794242e-05,48.2,0.000104145522752595,"70","985762","1","6","0","1","1","0","Staphylococcus","aureus"
NA,NA,"Bacillota","Bacilli","Lactobacillales","Enterococcaceae","Enterococcus","Enterococcus pallens",33,7.13235929800294e-05,36.4,7.86721285886532e-05,"71","160454","1","12","0","1","1","0","Enterococcus","canis"
NA,NA,"Bacillota","Bacilli","Lactobacillales","Enterococcaceae","Enterococcus","Enterococcus thailandicus",33,7.13235929800294e-05,34.1,7.37756040157815e-05,"72","417368","1","8","1","1","1","0.5","Enterococcus","crotali"
NA,NA,"Bacillota","Bacilli","Lactobacillales","Streptococcaceae","Streptococcus","Streptococcus lutetiensis",32,6.91622719806346e-05,47.3,0.000102179600101966,"73","150055","1","9","1","1","1","0","Streptococcus","agalactiae"
NA,NA,"Bacteroidota","Bacteroidia","Bacteroidales","Bacteroidaceae","Phocaeicola","Phocaeicola massiliensis",31,6.70009509812397e-05,30.7,6.64421834323284e-05,"74","204516","1","1","1","1","0","0","Phocaeicola","massiliensis"
NA,NA,"Bacillota","Clostridia","Eubacteriales","Oscillospiraceae","Faecalibacterium","Faecalibacterium prausnitzii",30,6.48396299818449e-05,30,6.48521047750604e-05,"75","853","1","1","1","1","0","0","Faecalibacterium","prausnitzii"
NA,NA,"Bacillota","Clostridia","Eubacteriales","Oscillospiraceae","Ruminococcus","Ruminococcus callidus",30,6.48396299818449e-05,30,6.48521047750604e-05,"76","40519","1","1","1","1","0","0","Ruminococcus","callidus"
NA,NA,"Bacillota","Bacilli","Lactobacillales","Enterococcaceae","Enterococcus","Enterococcus canis",28,6.05169879830552e-05,26,5.60972518031532e-05,"77","214095","1","9","1","1","1","0","Enterococcus","canis"
NA,NA,"Bacillota","Bacilli","Bacillales","Staphylococcaceae","Staphylococcus","Staphylococcus haemolyticus",26,5.61943459842656e-05,33.8,7.30436882849875e-05,"79","1283","1","6","0","1","1","0","Staphylococcus","aureus"
NA,NA,"Bacteroidota","Bacteroidia","Bacteroidales","Bacteroidaceae","Bacteroides","Bacteroides caccae",26,5.61943459842656e-05,25.9,5.59504839105766e-05,"78","47678","1","1","1","1","0","0","Bacteroides","caccae"
NA,NA,"Pseudomonadota","Gammaproteobacteria","Pseudomonadales","Pseudomonadaceae","Pseudomonas","Pseudomonas indica",26,5.61943459842656e-05,29.3,6.34259311301651e-05,"80","137658","1","3","0","1","1","0.5","Pseudomonas","aeruginosa"
NA,NA,"Bacillota","Bacilli","Lactobacillales","Enterococcaceae","Enterococcus","Enterococcus massiliensis",24,5.18717039854759e-05,26,5.61820039252372e-05,"84","1640685","1","9","0","1","1","0","Enterococcus","canis"
NA,NA,"Bacillota","Bacilli","Lactobacillales","Streptococcaceae","Streptococcus","Streptococcus oralis",24,5.18717039854759e-05,22.8,4.9296359936029e-05,"81","1303","1","2","0","1","1","0","Streptococcus","pneumoniae"
NA,NA,"Bacteroidota","Bacteroidia","Bacteroidales","Rikenellaceae","Alistipes","Alistipes putredinis",24,5.18717039854759e-05,24,5.18816838200483e-05,"82","28117","1","1","1","1","0","0","Alistipes","putredinis"
NA,NA,"Bacteroidota","Bacteroidia","Bacteroidales","Tannerellaceae","Parabacteroides","Parabacteroides distasonis",24,5.18717039854759e-05,24,5.18816838200483e-05,"83","823","1","1","1","1","0","0","Parabacteroides","distasonis"
NA,NA,"Bacillota","Bacilli","Lactobacillales","Streptococcaceae","Streptococcus","Streptococcus dysgalactiae",23,4.97103829860811e-05,22.8,4.9228332714633e-05,"85","1334","1","15","0.2","1","1","0","Streptococcus","agalactiae"
NA,NA,"Bacillota","Bacilli","Bacillales","Listeriaceae","Listeria","Listeria ivanovii",22,4.75490619866863e-05,25,5.41388755484071e-05,"86","1638","1","5","1","1","1","0","Listeria","innocua"
NA,NA,"Bacillota","Bacilli","Bacillales","Staphylococcaceae","Staphylococcus","Staphylococcus devriesei",22,4.75490619866863e-05,28.5,6.16370534201514e-05,"87","586733","1","6","0","1","1","0","Staphylococcus","aureus"
NA,NA,"Bacillota","Bacilli","Bacillales","Bacillaceae","Bacillus","Bacillus pacificus",21,4.53877409872914e-05,20.8,4.48565925035191e-05,"90","2026187","1","10","1","1","1","0","Bacillus","albus"
NA,NA,"Bacillota","Bacilli","Bacillales","Staphylococcaceae","Staphylococcus","Staphylococcus xylosus",21,4.53877409872914e-05,27,5.83199209467667e-05,"89","1288","1","9","0","1","1","0","Staphylococcus","arlettae"
NA,NA,"Bacillota","Bacilli","Lactobacillales","Lactobacillaceae","Lactobacillus","Lactobacillus hamsteri",21,4.53877409872914e-05,22.9,4.96087227038967e-05,"88","96565","1","7","0","1","1","0","Lactobacillus","acidophilus"
NA,NA,"Pseudomonadota","Gammaproteobacteria","Enterobacterales","Enterobacteriaceae","Citrobacter","Citrobacter koseri",20,4.32264199878966e-05,17.5,3.77845401366677e-05,"91","545","1","15","0.25","0.25","1","1","Escherichia","fergusonii"
NA,NA,"Bacillota","Bacilli","Bacillales","Bacillaceae","Bacillus","Bacillus manliponensis",19,4.10650989885018e-05,20.3,4.38639089158506e-05,"92","574376","1","10","0","1","1","0","Bacillus","albus"
NA,NA,"Bacillota","Bacilli","Lactobacillales","Enterococcaceae","Enterococcus","Enterococcus ratti",19,4.10650989885018e-05,24.5,5.2989174248402e-05,"93","150033","1","9","1","1","1","0","Enterococcus","canis"
NA,NA,"Bacillota","Bacilli","Bacillales","Listeriaceae","Listeria","Listeria grayi",18,3.89037779891069e-05,18.5,3.99080460167417e-05,"94","1641","1","8","0","0","1","1","Enterococcus","crotali"
NA,NA,"Bacteroidota","Bacteroidia","Bacteroidales","Bacteroidaceae","Phocaeicola","Phocaeicola dorei",18,3.89037779891069e-05,18.3,3.94956328263673e-05,"95","357276","1","1","1","1","0","0","Phocaeicola","dorei"
NA,NA,"Bacillota","Bacilli","Lactobacillales","Enterococcaceae","Enterococcus","Enterococcus casseliflavus",17,3.67424569897121e-05,17.3,3.73114555698004e-05,"96","37734","1","12","0.333333333333333","1","1","0","Enterococcus","canis"
NA,NA,"Bacteroidota","Bacteroidia","Bacteroidales","Barnesiellaceae","Barnesiella","Barnesiella intestinihominis",17,3.67424569897121e-05,17,3.67495260392009e-05,"97","487174","1","1","1","1","0","0","Barnesiella","intestinihominis"
NA,NA,"Bacillota","Bacilli","Lactobacillales","Enterococcaceae","Enterococcus","Enterococcus moraviensis",16,3.45811359903173e-05,19.4,4.18335454638094e-05,"98","155617","1","18","0.5","1","1","0.5","Enterococcus","alkalidiazotrophicus"
NA,NA,"Bacillota","Clostridia","Lachnospirales","Lachnospiraceae","Blautia","Blautia luti",16,3.45811359903173e-05,15.9,3.44025212162376e-05,"99","89014","1","2","0.5","1","0.5","0","Blautia","luti"
NA,NA,"Bacillota","Clostridia","Lachnospirales","Lachnospiraceae","Blautia","Blautia faecis",15,3.24198149909225e-05,15,3.24260523875302e-05,"100","871665","1","1","1","1","0","0","Blautia","faecis"
NA,NA,"Bacillota","Bacilli","Lactobacillales","Streptococcaceae","Streptococcus","Streptococcus urinalis",14,3.02584939915276e-05,17,3.66850537284698e-05,"102","149016","1",NA,NA,NA,NA,NA,NA,NA
NA,NA,"Bacteroidota","Bacteroidia","Bacteroidales","Bacteroidaceae","Bacteroides","Bacteroides stercoris",14,3.02584939915276e-05,14,3.02643155616949e-05,"101","449673","1",NA,NA,NA,NA,NA,NA,NA
NA,NA,"Bacteroidota","Bacteroidia","Bacteroidales","Tannerellaceae","Parabacteroides","Parabacteroides merdae",14,3.02584939915276e-05,14,3.02643155616949e-05,"103","46503","1",NA,NA,NA,NA,NA,NA,NA
NA,NA,"Bacillota","Bacilli","Lactobacillales","Enterococcaceae","Enterococcus","Enterococcus canintestini",13,2.80971729921328e-05,15.2,3.27927563765792e-05,"104","317010","1",NA,NA,NA,NA,NA,NA,NA
NA,NA,"Pseudomonadota","Gammaproteobacteria","Moraxellales","Moraxellaceae","Acinetobacter","Acinetobacter johnsonii",13,2.80971729921328e-05,11.5,2.48413857830929e-05,"105","40214","1",NA,NA,NA,NA,NA,NA,NA
NA,NA,"Bacteroidota","Bacteroidia","Bacteroidales","Bacteroidaceae","Bacteroides","Bacteroides finegoldii",12,2.5935851992738e-05,10.2,2.20927318410374e-05,"106","338188","1",NA,NA,NA,NA,NA,NA,NA
NA,NA,"Bacillota","Bacilli","Lactobacillales","Enterococcaceae","Enterococcus","Enterococcus gallinarum",11,2.37745309933431e-05,14.6,3.14745554747025e-05,"110","1353","1",NA,NA,NA,NA,NA,NA,NA
NA,NA,"Bacillota","Bacilli","Lactobacillales","Lactobacillaceae","Lactobacillus","Lactobacillus ultunensis",11,2.37745309933431e-05,10.4,2.24273280620157e-05,"107","227945","1",NA,NA,NA,NA,NA,NA,NA
NA,NA,"Bacillota","Clostridia","Lachnospirales","Lachnospiraceae","Mediterraneibacter","Mediterraneibacter faecis",11,2.37745309933431e-05,11,2.37791050841888e-05,"109","1298596","1",NA,NA,NA,NA,NA,NA,NA
NA,NA,"Bacteroidota","Bacteroidia","Bacteroidales","Bacteroidaceae","Bacteroides","Bacteroides koreensis",11,2.37745309933431e-05,9.5,2.05241273146575e-05,"112","1912896","1",NA,NA,NA,NA,NA,NA,NA
NA,NA,"Bacteroidota","Bacteroidia","Bacteroidales","Rikenellaceae","Alistipes","Alistipes shahii",11,2.37745309933431e-05,10.6,2.30140101637562e-05,"108","328814","1",NA,NA,NA,NA,NA,NA,NA
NA,NA,"Pseudomonadota","Gammaproteobacteria","Enterobacterales","Enterobacteriaceae","Escherichia","Escherichia marmotae",11,2.37745309933431e-05,11,2.37148985249715e-05,"111","1499973","1",NA,NA,NA,NA,NA,NA,NA
NA,NA,"Bacillota","Bacilli","Bacillales","Bacillaceae","Bacillus","Bacillus proteolyticus",10,2.16132099939483e-05,15.7,3.39389692335812e-05,"118","2026192","1",NA,NA,NA,NA,NA,NA,NA
NA,NA,"Bacillota","Bacilli","Bacillales","Staphylococcaceae","Staphylococcus","Staphylococcus edaphicus",10,2.16132099939483e-05,10.9,2.35089495935497e-05,"119","1955013","1",NA,NA,NA,NA,NA,NA,NA
NA,NA,"Bacillota","Bacilli","Lactobacillales","Enterococcaceae","Enterococcus","Enterococcus gilvus",10,2.16132099939483e-05,13.9,3.00512561231471e-05,"115","160453","1",NA,NA,NA,NA,NA,NA,NA
NA,NA,"Bacillota","Bacilli","Lactobacillales","Enterococcaceae","Enterococcus","Enterococcus haemoperoxidus",10,2.16132099939483e-05,9.9,2.14781615006845e-05,"116","155618","1",NA,NA,NA,NA,NA,NA,NA
NA,NA,"Pseudomonadota","Betaproteobacteria","Burkholderiales","Sutterellaceae","Sutterella","Sutterella massiliensis",10,2.16132099939483e-05,5,1.08086841291767e-05,"117","1816689","1",NA,NA,NA,NA,NA,NA,NA
NA,NA,"Pseudomonadota","Betaproteobacteria","Burkholderiales","Sutterellaceae","Sutterella","Sutterella stercoricanis",10,2.16132099939483e-05,5,1.08086841291767e-05,"114","234908","1",NA,NA,NA,NA,NA,NA,NA
NA,NA,"Pseudomonadota","Gammaproteobacteria","Moraxellales","Moraxellaceae","Acinetobacter","Acinetobacter junii",10,2.16132099939483e-05,10.7,2.3123113577328e-05,"113","40215","1",NA,NA,NA,NA,NA,NA,NA
NA,NA,"Bacillota","Bacilli","Bacillales","Listeriaceae","Listeria","Listeria marthii",9,1.94518889945535e-05,10.2,2.19678599494001e-05,"126","529731","1",NA,NA,NA,NA,NA,NA,NA
NA,NA,"Bacillota","Bacilli","Bacillales","Planococcaceae","Viridibacillus","Viridibacillus arvi",9,1.94518889945535e-05,9,1.94691439168807e-05,"120","263475","1",NA,NA,NA,NA,NA,NA,NA
NA,NA,"Bacillota","Bacilli","Lactobacillales","Streptococcaceae","Streptococcus","Streptococcus gordonii",9,1.94518889945535e-05,12.3,2.66749351361577e-05,"121","1302","1",NA,NA,NA,NA,NA,NA,NA
NA,NA,"Bacillota","Clostridia","Eubacteriales","Clostridiaceae","Clostridium","Clostridium saccharobutylicum",9,1.94518889945535e-05,9.1,1.97022331695293e-05,"123","169679","1",NA,NA,NA,NA,NA,NA,NA
NA,NA,"Pseudomonadota","Alphaproteobacteria","Rhodobacterales","Paracoccaceae","Cereibacter","Cereibacter johrii",9,1.94518889945535e-05,8.8,1.90393524780038e-05,"124","445629","1",NA,NA,NA,NA,NA,NA,NA
NA,NA,"Pseudomonadota","Gammaproteobacteria","Enterobacterales","Pectobacteriaceae","Pectobacterium","Pectobacterium carotovorum",9,1.94518889945535e-05,9.8,2.1209767117588e-05,"125","554","1",NA,NA,NA,NA,NA,NA,NA
NA,NA,"Pseudomonadota","Gammaproteobacteria","Enterobacterales","Yersiniaceae","Serratia","Serratia marcescens",9,1.94518889945535e-05,9.2,1.98178816331012e-05,"122","615","1",NA,NA,NA,NA,NA,NA,NA
NA,NA,"Bacillota","Bacilli","Bacillales","Staphylococcaceae","Mammaliicoccus","Mammaliicoccus sciuri",8,1.72905679951586e-05,7.8,1.68305619026127e-05,"128","1296","1",NA,NA,NA,NA,NA,NA,NA
NA,NA,"Bacillota","Clostridia","Eubacteriales","Clostridiaceae","Sarcina","Sarcina ventriculi",8,1.72905679951586e-05,8,1.72906289091339e-05,"127","1267","1",NA,NA,NA,NA,NA,NA,NA
NA,NA,"Bacillota","Clostridia","Lachnospirales","Lachnospiraceae","Lachnospira","Lachnospira eligens",8,1.72905679951586e-05,8,1.72938946066828e-05,"130","515620","1",NA,NA,NA,NA,NA,NA,NA
NA,NA,"Bacteroidota","Bacteroidia","Bacteroidales","Bacteroidaceae","Bacteroides","Bacteroides thetaiotaomicron",8,1.72905679951586e-05,8.9,1.9333719170936e-05,"129","818","1",NA,NA,NA,NA,NA,NA,NA
NA,NA,"Bacillota","Bacilli","Bacillales","Listeriaceae","Listeria","Listeria monocytogenes",7,1.51292469957638e-05,6.9,1.49199216267882e-05,"138","1639","1",NA,NA,NA,NA,NA,NA,NA
NA,NA,"Bacillota","Bacilli","Bacillales","Staphylococcaceae","Staphylococcus","Staphylococcus auricularis",7,1.51292469957638e-05,6.6,1.43526796875233e-05,"131","29379","1",NA,NA,NA,NA,NA,NA,NA
NA,NA,"Bacillota","Bacilli","Lactobacillales","Lactobacillaceae","Lactobacillus","Lactobacillus jensenii",7,1.51292469957638e-05,9.2,1.98854364884654e-05,"132","109790","1",NA,NA,NA,NA,NA,NA,NA
NA,NA,"Bacillota","Clostridia","Eubacteriales",NA,"Gemmiger","Gemmiger formicilis",7,1.51292469957638e-05,7,1.51321577808474e-05,"136","745368","1",NA,NA,NA,NA,NA,NA,NA
NA,NA,"Bacteroidota","Bacteroidia","Bacteroidales","Odoribacteraceae","Odoribacter","Odoribacter splanchnicus",7,1.51292469957638e-05,7,1.51321577808474e-05,"137","28118","1",NA,NA,NA,NA,NA,NA,NA
NA,NA,"Pseudomonadota","Gammaproteobacteria","Enterobacterales","Enterobacteriaceae","Cronobacter","Cronobacter sakazakii",7,1.51292469957638e-05,7.7,1.6585174939712e-05,"133","28141","1",NA,NA,NA,NA,NA,NA,NA
NA,NA,"Pseudomonadota","Gammaproteobacteria","Enterobacterales","Enterobacteriaceae","Pseudocitrobacter","Pseudocitrobacter faecalis",7,1.51292469957638e-05,7.6,1.64075123480879e-05,"139","1398493","1",NA,NA,NA,NA,NA,NA,NA
NA,NA,"Pseudomonadota","Gammaproteobacteria","Enterobacterales","Erwiniaceae","Pantoea","Pantoea agglomerans",7,1.51292469957638e-05,7,1.51321577808474e-05,"135","549","1",NA,NA,NA,NA,NA,NA,NA
NA,NA,"Thermodesulfobacteriota","Desulfovibrionia","Desulfovibrionales","Desulfovibrionaceae","Desulfovibrio","Desulfovibrio piger",7,1.51292469957638e-05,7,1.51321577808474e-05,"134","901","1",NA,NA,NA,NA,NA,NA,NA
NA,NA,"Bacillota","Bacilli","Bacillales","Bacillaceae","Bacillus","Bacillus cytotoxicus",6,1.2967925996369e-05,6.1,1.31957700992635e-05,"146","580165","1",NA,NA,NA,NA,NA,NA,NA
NA,NA,"Bacillota","Bacilli","Bacillales","Staphylococcaceae","Staphylococcus","Staphylococcus casei",6,1.2967925996369e-05,6.6,1.41636948490186e-05,"140","201828","1",NA,NA,NA,NA,NA,NA,NA
NA,NA,"Bacillota","Bacilli","Bacillales","Staphylococcaceae","Staphylococcus","Staphylococcus muscae",6,1.2967925996369e-05,5.8,1.25225548897709e-05,"141","1294","1",NA,NA,NA,NA,NA,NA,NA
NA,NA,"Bacillota","Bacilli","Lactobacillales","Enterococcaceae","Enterococcus","Enterococcus devriesei",6,1.2967925996369e-05,5.9,1.27807915003583e-05,"143","319970","1",NA,NA,NA,NA,NA,NA,NA
NA,NA,"Bacillota","Bacilli","Lactobacillales","Enterococcaceae","Enterococcus","Enterococcus olivae",6,1.2967925996369e-05,7,1.51200206258958e-05,"148","1242999","1",NA,NA,NA,NA,NA,NA,NA
NA,NA,"Bacillota","Bacilli","Lactobacillales","Enterococcaceae","Enterococcus","Enterococcus rivorum",6,1.2967925996369e-05,6.6,1.4307101587474e-05,"145","762845","1",NA,NA,NA,NA,NA,NA,NA
NA,NA,"Bacillota","Bacilli","Lactobacillales","Enterococcaceae","Enterococcus","Enterococcus saigonensis",6,1.2967925996369e-05,7.6,1.63519606715084e-05,"149","1805431","1",NA,NA,NA,NA,NA,NA,NA
NA,NA,"Bacillota","Bacilli","Lactobacillales","Enterococcaceae","Enterococcus","Enterococcus wangshanyuanii",6,1.2967925996369e-05,7.2,1.5663468263721e-05,"150","2005703","1",NA,NA,NA,NA,NA,NA,NA
NA,NA,"Bacillota","Bacilli","Lactobacillales","Enterococcaceae","Vagococcus","Vagococcus acidifermentans",6,1.2967925996369e-05,5.5,1.19896746239473e-05,"144","564710","1",NA,NA,NA,NA,NA,NA,NA
NA,NA,"Bacillota","Clostridia","Lachnospirales","Lachnospiraceae","Dorea","Dorea formicigenerans",6,1.2967925996369e-05,6,1.29704209550121e-05,"147","39486","1",NA,NA,NA,NA,NA,NA,NA
NA,NA,"Pseudomonadota","Gammaproteobacteria","Lysobacterales","Lysobacteraceae","Stenotrophomonas","Stenotrophomonas pavanii",6,1.2967925996369e-05,6,1.29704209550117e-05,"142","487698","1",NA,NA,NA,NA,NA,NA,NA
NA,NA,"Bacillota","Bacilli","Bacillales","Bacillaceae","Bacillus","Bacillus bingmayongensis",5,1.08066049969742e-05,5.6,1.20551959345551e-05,"156","1150157","1",NA,NA,NA,NA,NA,NA,NA
NA,NA,"Bacillota","Bacilli","Bacillales","Staphylococcaceae","Staphylococcus","Staphylococcus pseudolugdunensis",5,1.08066049969742e-05,5,1.08130219696056e-05,"157","425474","1",NA,NA,NA,NA,NA,NA,NA
NA,NA,"Bacillota","Bacilli","Lactobacillales","Enterococcaceae","Enterococcus","Enterococcus rotai",5,1.08066049969742e-05,6.7,1.44334120766487e-05,"151","118060","1",NA,NA,NA,NA,NA,NA,NA
NA,NA,"Bacillota","Bacilli","Lactobacillales","Enterococcaceae","Enterococcus","Enterococcus ureilyticus",5,1.08066049969742e-05,5.6,1.21038148836003e-05,"152","1131292","1",NA,NA,NA,NA,NA,NA,NA
NA,NA,"Bacillota","Clostridia","Lachnospirales","Lachnospiraceae","Agathobacter","Agathobacter rectalis",5,1.08066049969742e-05,4.1,8.86729061278858e-06,"155","515619","1",NA,NA,NA,NA,NA,NA,NA
NA,NA,"Bacteroidota","Bacteroidia","Bacteroidales","Prevotellaceae","Paraprevotella","Paraprevotella clara",5,1.08066049969742e-05,5,1.08086841291767e-05,"154","454154","1",NA,NA,NA,NA,NA,NA,NA
NA,NA,"Pseudomonadota","Betaproteobacteria","Burkholderiales","Sphaerotilaceae","Piscinibacter","Piscinibacter aquaticus",5,1.08066049969742e-05,5,1.08086841219609e-05,"153","392597","1",NA,NA,NA,NA,NA,NA,NA
NA,NA,"Actinomycetota","Actinomycetes","Propionibacteriales","Nocardioidaceae","Nocardioides","Nocardioides mesophilus",4,8.64528399757932e-06,4,8.64676208072557e-06,"169","433659","1",NA,NA,NA,NA,NA,NA,NA
NA,NA,"Actinomycetota","Actinomycetes","Pseudonocardiales","Pseudonocardiaceae","Pseudonocardia","Pseudonocardia halophobica",4,8.64528399757932e-06,4,8.64694730334139e-06,"162","29401","1",NA,NA,NA,NA,NA,NA,NA
NA,NA,"Bacillota","Bacilli","Bacillales","Bacillaceae","Anaerobacillus","Anaerobacillus alkalilacustris",4,8.64528399757932e-06,4,8.66481609790007e-06,"168","393763","1",NA,NA,NA,NA,NA,NA,NA
NA,NA,"Bacillota","Bacilli","Lactobacillales","Enterococcaceae","Enterococcus","Enterococcus cecorum",4,8.64528399757932e-06,5.2,1.13132760760325e-05,"158","44008","1",NA,NA,NA,NA,NA,NA,NA
NA,NA,"Bacillota","Bacilli","Lactobacillales","Streptococcaceae","Streptococcus","Streptococcus infantis",4,8.64528399757932e-06,4.3,9.37311988112755e-06,"164","889204","1",NA,NA,NA,NA,NA,NA,NA
NA,NA,"Bacillota","Clostridia","Lachnospirales","Lachnospiraceae","Anaerostipes","Anaerostipes hadrus",4,8.64528399757932e-06,4,8.64694730334139e-06,"160","649756","1",NA,NA,NA,NA,NA,NA,NA
NA,NA,"Bacillota","Clostridia","Lachnospirales","Lachnospiraceae","Blautia","Blautia obeum",4,8.64528399757932e-06,4,8.64694730334139e-06,"165","411459","1",NA,NA,NA,NA,NA,NA,NA
NA,NA,"Bacillota","Clostridia","Lachnospirales","Lachnospiraceae","Mediterraneibacter","[Ruminococcus] torques",4,8.64528399757932e-06,4,8.64694730334139e-06,"159","33039","1",NA,NA,NA,NA,NA,NA,NA
NA,NA,"Bacteroidota","Bacteroidia","Bacteroidales","Bacteroidaceae","Bacteroides","Bacteroides uniformis",4,8.64528399757932e-06,4,8.64694730334139e-06,"161","820","1",NA,NA,NA,NA,NA,NA,NA
NA,NA,"Pseudomonadota","Alphaproteobacteria","Rhodospirillales","Azospirillaceae","Skermanella","Skermanella aerolata",4,8.64528399757932e-06,4,8.64694730334139e-06,"167","393310","1",NA,NA,NA,NA,NA,NA,NA
NA,NA,"Pseudomonadota","Gammaproteobacteria","Enterobacterales","Enterobacteriaceae","Pseudescherichia","Pseudescherichia vulneris",4,8.64528399757932e-06,5.1,1.11191157697202e-05,"166","566","1",NA,NA,NA,NA,NA,NA,NA
NA,NA,"Pseudomonadota","Gammaproteobacteria","Enterobacterales","Enterobacteriaceae","Shigella","Shigella boydii",4,8.64528399757932e-06,4.7,1.00655824592255e-05,"171","621","1",NA,NA,NA,NA,NA,NA,NA
NA,NA,"Pseudomonadota","Gammaproteobacteria","Moraxellales","Moraxellaceae","Acinetobacter","Acinetobacter tandoii",4,8.64528399757932e-06,3.9,8.46388069946361e-06,"170","202954","1",NA,NA,NA,NA,NA,NA,NA
NA,NA,"Pseudomonadota","Gammaproteobacteria","Pseudomonadales","Pseudomonadaceae","Aquipseudomonas","Aquipseudomonas alcaligenes",4,8.64528399757932e-06,2.8,6.00825682826558e-06,"163","43263","1",NA,NA,NA,NA,NA,NA,NA
NA,NA,"Actinomycetota","Actinomycetes","Geodermatophilales","Geodermatophilaceae","Modestobacter","Modestobacter lapidis",3,6.48396299818449e-06,3,6.48521047750604e-06,"199","1608613","1",NA,NA,NA,NA,NA,NA,NA
NA,NA,"Actinomycetota","Actinomycetes","Micrococcales","Microbacteriaceae","Agromyces","Agromyces humatus",3,6.48396299818449e-06,1.5,3.24260523875301e-06,"180","279573","1",NA,NA,NA,NA,NA,NA,NA
NA,NA,"Actinomycetota","Actinomycetes","Micrococcales","Microbacteriaceae","Agromyces","Agromyces iriomotensis",3,6.48396299818449e-06,1.5,3.24260523875301e-06,"190","717856","1",NA,NA,NA,NA,NA,NA,NA
NA,NA,"Actinomycetota","Actinomycetes","Propionibacteriales","Nocardioidaceae","Nocardioides","Nocardioides cavernae",3,6.48396299818449e-06,1.5,3.24260085560348e-06,"201","1921566","1",NA,NA,NA,NA,NA,NA,NA
NA,NA,"Actinomycetota","Actinomycetes","Propionibacteriales","Nocardioidaceae","Nocardioides","Nocardioides hwasunensis",3,6.48396299818449e-06,1.5,3.24260085560348e-06,"184","397258","1",NA,NA,NA,NA,NA,NA,NA
NA,NA,"Actinomycetota","Actinomycetes","Propionibacteriales","Nocardioidaceae","Nocardioides","Nocardioides sonneratiae",3,6.48396299818449e-06,2.8,6.05199141711778e-06,"202","1962348","1",NA,NA,NA,NA,NA,NA,NA
NA,NA,"Actinomycetota","Thermoleophilia","Solirubrobacterales","Solirubrobacteraceae","Solirubrobacter","Solirubrobacter ginsenosidimutans",3,6.48396299818449e-06,1.5,3.242605238753e-06,"185","490573","1",NA,NA,NA,NA,NA,NA,NA
NA,NA,"Actinomycetota","Thermoleophilia","Solirubrobacterales","Solirubrobacteraceae","Solirubrobacter","Solirubrobacter soli",3,6.48396299818449e-06,1.5,3.242605238753e-06,"193","363832","1",NA,NA,NA,NA,NA,NA,NA
NA,NA,"Bacillota","Bacilli","Bacillales","Bacillaceae","Bacillus","Bacillus toyonensis",3,6.48396299818449e-06,3.9,8.33132191844806e-06,"197","155322","1",NA,NA,NA,NA,NA,NA,NA
NA,NA,"Bacillota","Bacilli","Bacillales","Bacillaceae","Lysinibacillus","Lysinibacillus fusiformis",3,6.48396299818449e-06,3,6.48521053241563e-06,"178","28031","1",NA,NA,NA,NA,NA,NA,NA
NA,NA,"Bacillota","Bacilli","Bacillales","Planococcaceae","Planococcus","Planococcus antarcticus",3,6.48396299818449e-06,3,6.48578189148398e-06,"173","161360","1",NA,NA,NA,NA,NA,NA,NA
NA,NA,"Bacillota","Bacilli","Bacillales","Staphylococcaceae","Mammaliicoccus","Mammaliicoccus stepanovicii",3,6.48396299818449e-06,3,6.48544706537911e-06,"191","643214","1",NA,NA,NA,NA,NA,NA,NA
NA,NA,"Bacillota","Bacilli","Bacillales","Staphylococcaceae","Staphylococcus","Staphylococcus lugdunensis",3,6.48396299818449e-06,3.7,8.05855245857265e-06,"172","28035","1",NA,NA,NA,NA,NA,NA,NA
NA,NA,"Bacillota","Bacilli","Bacillales","Staphylococcaceae","Staphylococcus","Staphylococcus simiae",3,6.48396299818449e-06,4,8.72254683415651e-06,"192","911238","1",NA,NA,NA,NA,NA,NA,NA
NA,NA,"Bacillota","Bacilli","Lactobacillales","Enterococcaceae","Enterococcus","Enterococcus asini",3,6.48396299818449e-06,3.3,7.0878806262495e-06,"174","57732","1",NA,NA,NA,NA,NA,NA,NA
NA,NA,"Bacillota","Bacilli","Lactobacillales","Enterococcaceae","Enterococcus","Enterococcus lactis",3,6.48396299818449e-06,4,8.57831579782248e-06,"187","357441","1",NA,NA,NA,NA,NA,NA,NA
NA,NA,"Bacillota","Bacilli","Lactobacillales","Enterococcaceae","Enterococcus","Enterococcus malodoratus",3,6.48396299818449e-06,3,6.53825734026135e-06,"181","71451","1",NA,NA,NA,NA,NA,NA,NA
NA,NA,"Bacillota","Bacilli","Lactobacillales","Enterococcaceae","Enterococcus","Enterococcus plantarum",3,6.48396299818449e-06,4.8,1.03699345156346e-05,"196","1077675","1",NA,NA,NA,NA,NA,NA,NA
NA,NA,"Bacillota","Bacilli","Lactobacillales","Enterococcaceae","Enterococcus","Enterococcus quebecensis",3,6.48396299818449e-06,4.7,1.00972278613336e-05,"175","903983","1",NA,NA,NA,NA,NA,NA,NA
NA,NA,"Bacillota","Bacilli","Lactobacillales","Enterococcaceae","Enterococcus","Enterococcus termitis",3,6.48396299818449e-06,3.8,8.1686356481381e-06,"179","332950","1",NA,NA,NA,NA,NA,NA,NA
NA,NA,"Bacillota","Bacilli","Lactobacillales","Enterococcaceae","Enterococcus","Enterococcus ureasiticus",3,6.48396299818449e-06,3.4,7.35413336979153e-06,"176","903984","1",NA,NA,NA,NA,NA,NA,NA
NA,NA,"Bacillota","Bacilli","Lactobacillales","Lactobacillaceae","Lactobacillus","Lactobacillus hominis",3,6.48396299818449e-06,4,8.61667349093796e-06,"198","1423758","1",NA,NA,NA,NA,NA,NA,NA
NA,NA,"Bacillota","Clostridia","Lachnospirales","Lachnospiraceae","Coprococcus","Coprococcus comes",3,6.48396299818449e-06,3,6.48521047750604e-06,"182","470146","1",NA,NA,NA,NA,NA,NA,NA
NA,NA,"Bacteroidota","Bacteroidia","Bacteroidales","Bacteroidaceae","Bacteroides","Bacteroides xylanisolvens",3,6.48396299818449e-06,5.5,1.18031472201024e-05,"183","657309","1",NA,NA,NA,NA,NA,NA,NA
NA,NA,"Bacteroidota","Bacteroidia","Bacteroidales","Rikenellaceae","Alistipes","Alistipes communis",3,6.48396299818449e-06,3,6.48521047750604e-06,"195","2585118","1",NA,NA,NA,NA,NA,NA,NA
NA,NA,"Pseudomonadota","Alphaproteobacteria","Hyphomicrobiales","Methylobacteriaceae","Microvirga","Microvirga ossetica",3,6.48396299818449e-06,1,2.16173682583535e-06,"200","1882682","1",NA,NA,NA,NA,NA,NA,NA
NA,NA,"Pseudomonadota","Alphaproteobacteria","Hyphomicrobiales","Methylobacteriaceae","Microvirga","Microvirga rosea",3,6.48396299818449e-06,1,2.16173682583535e-06,"204","2715425","1",NA,NA,NA,NA,NA,NA,NA
NA,NA,"Pseudomonadota","Alphaproteobacteria","Hyphomicrobiales","Methylobacteriaceae","Microvirga","Microvirga zambiensis",3,6.48396299818449e-06,1,2.16173682583535e-06,"188","864070","1",NA,NA,NA,NA,NA,NA,NA
NA,NA,"Pseudomonadota","Alphaproteobacteria","Rhodobacterales",NA,"Rhodobacter","Rhodobacter lacus",3,6.48396299818449e-06,2.7,5.81949146028052e-06,"203","1641972","1",NA,NA,NA,NA,NA,NA,NA
NA,NA,"Pseudomonadota","Betaproteobacteria","Burkholderiales","Comamonadaceae","Curvibacter","Curvibacter fontanus",3,6.48396299818449e-06,3,6.48521047657692e-06,"194","247486","1",NA,NA,NA,NA,NA,NA,NA
NA,NA,"Pseudomonadota","Betaproteobacteria","Burkholderiales","Sutterellaceae","Sutterella","Sutterella wadsworthensis",3,6.48396299818449e-06,3,6.48521047750604e-06,"186","40545","1",NA,NA,NA,NA,NA,NA,NA
NA,NA,"Pseudomonadota","Betaproteobacteria","Neisseriales","Neisseriaceae","Neisseria","Neisseria polysaccharea",3,6.48396299818449e-06,3,6.48567812681312e-06,"177","489","1",NA,NA,NA,NA,NA,NA,NA
NA,NA,"Pseudomonadota","Gammaproteobacteria","Steroidobacterales","Steroidobacteraceae","Povalibacter","Povalibacter uvarum",3,6.48396299818449e-06,3,6.48521047750604e-06,"189","732238","1",NA,NA,NA,NA,NA,NA,NA
NA,NA,"Actinomycetota","Actinomycetes","Actinomycetales","Actinomycetaceae","Schaalia","Schaalia cardiffensis",2,4.32264199878966e-06,2,4.32366235714981e-06,"208","181487","1",NA,NA,NA,NA,NA,NA,NA
NA,NA,"Actinomycetota","Actinomycetes","Bifidobacteriales","Bifidobacteriaceae","Bifidobacterium","Bifidobacterium adolescentis",2,4.32264199878966e-06,1,2.16173682583447e-06,"237","367928","1",NA,NA,NA,NA,NA,NA,NA
NA,NA,"Actinomycetota","Actinomycetes","Bifidobacteriales","Bifidobacteriaceae","Bifidobacterium","Bifidobacterium faecale",2,4.32264199878966e-06,1,2.16173682583447e-06,"253","1454229","1",NA,NA,NA,NA,NA,NA,NA
NA,NA,"Actinomycetota","Actinomycetes","Micrococcales","Intrasporangiaceae","Ornithinibacter","Ornithinibacter aureus",2,4.32264199878966e-06,2,4.32347365167069e-06,"238","622664","1",NA,NA,NA,NA,NA,NA,NA
NA,NA,"Actinomycetota","Actinomycetes","Micrococcales","Intrasporangiaceae","Oryzihumus","Oryzihumus soli",2,4.32264199878966e-06,2,4.32347365167069e-06,"257","1634995","1",NA,NA,NA,NA,NA,NA,NA
NA,NA,"Actinomycetota","Actinomycetes","Micrococcales","Microbacteriaceae","Microbacterium","Microbacterium pygmaeum",2,4.32264199878966e-06,2,4.32347365167069e-06,"226","370764","1",NA,NA,NA,NA,NA,NA,NA
NA,NA,"Actinomycetota","Actinomycetes","Micrococcales","Micrococcaceae","Micrococcus","Micrococcus aloeverae",2,4.32264199878966e-06,1,2.16173682583535e-06,"248","1391911","1",NA,NA,NA,NA,NA,NA,NA
NA,NA,"Actinomycetota","Actinomycetes","Micrococcales","Micrococcaceae","Micrococcus","Micrococcus luteus",2,4.32264199878966e-06,1,2.16173682583535e-06,"221","1270","1",NA,NA,NA,NA,NA,NA,NA
NA,NA,"Actinomycetota","Actinomycetes","Micrococcales","Micrococcaceae","Paeniglutamicibacter","Paeniglutamicibacter cryotolerans",2,4.32264199878966e-06,2,4.32347365167069e-06,"239","670079","1",NA,NA,NA,NA,NA,NA,NA
NA,NA,"Actinomycetota","Actinomycetes","Micromonosporales","Micromonosporaceae","Couchioplanes","Couchioplanes caeruleus",2,4.32264199878966e-06,0.5,1.08086841291767e-06,"241","56428","1",NA,NA,NA,NA,NA,NA,NA
NA,NA,"Actinomycetota","Actinomycetes","Micromonosporales","Micromonosporaceae","Krasilnikovia","Krasilnikovia cinnamomea",2,4.32264199878966e-06,0.5,1.08086841291767e-06,"240","349313","1",NA,NA,NA,NA,NA,NA,NA
NA,NA,"Actinomycetota","Actinomycetes","Micromonosporales","Micromonosporaceae","Pseudosporangium","Pseudosporangium ferrugineum",2,4.32264199878966e-06,0.5,1.08086841291767e-06,"231","439699","1",NA,NA,NA,NA,NA,NA,NA
NA,NA,"Actinomycetota","Actinomycetes","Micromonosporales","Micromonosporaceae","Symbioplanes","Symbioplanes lichenis",2,4.32264199878966e-06,0.5,1.08086841291767e-06,"255","1629072","1",NA,NA,NA,NA,NA,NA,NA
NA,NA,"Actinomycetota","Actinomycetes","Micromonosporales","Micromonosporaceae","Winogradskya","Winogradskya consettensis",2,4.32264199878966e-06,1,2.16173682583534e-06,"206","113560","1",NA,NA,NA,NA,NA,NA,NA
NA,NA,"Actinomycetota","Actinomycetes","Micromonosporales","Micromonosporaceae","Winogradskya","Winogradskya humida",2,4.32264199878966e-06,1,2.16173682583534e-06,"207","113566","1",NA,NA,NA,NA,NA,NA,NA
NA,NA,"Actinomycetota","Actinomycetes","Mycobacteriales","Dietziaceae","Dietzia","Dietzia cinnamea",2,4.32264199878966e-06,1,2.16173682583535e-06,"216","321318","1",NA,NA,NA,NA,NA,NA,NA
NA,NA,"Actinomycetota","Actinomycetes","Mycobacteriales","Dietziaceae","Dietzia","Dietzia papillomatosis",2,4.32264199878966e-06,1,2.16173682583535e-06,"217","282305","1",NA,NA,NA,NA,NA,NA,NA
NA,NA,"Actinomycetota","Actinomycetes","Mycobacteriales","Mycobacteriaceae","Mycolicibacterium","Mycolicibacterium brumae",2,4.32264199878966e-06,2,4.32347365167069e-06,"213","85968","1",NA,NA,NA,NA,NA,NA,NA
NA,NA,"Actinomycetota","Actinomycetes","Mycobacteriales","Mycobacteriaceae","Mycolicibacterium","Mycolicibacterium chlorophenolicum",2,4.32264199878966e-06,2,4.32347365167069e-06,"260","37916","1",NA,NA,NA,NA,NA,NA,NA
NA,NA,"Actinomycetota","Actinomycetes","Propionibacteriales","Nocardioidaceae","Nocardioides","Nocardioides guangzhouensis",2,4.32264199878966e-06,2,4.32347365167069e-06,"264","2497878","1",NA,NA,NA,NA,NA,NA,NA
NA,NA,"Actinomycetota","Actinomycetes","Propionibacteriales","Nocardioidaceae","Nocardioides","Nocardioides marmoribigeumensis",2,4.32264199878966e-06,0.6,1.35534438689595e-06,"249","433649","1",NA,NA,NA,NA,NA,NA,NA
NA,NA,"Actinomycetota","Actinomycetes","Pseudonocardiales","Pseudonocardiaceae","Lentzea","Lentzea albidocapillata",2,4.32264199878966e-06,2,4.32347365167069e-06,"227","40571","1",NA,NA,NA,NA,NA,NA,NA
NA,NA,"Actinomycetota","Coriobacteriia","Coriobacteriales","Coriobacteriaceae","Collinsella","Collinsella aerofaciens",2,4.32264199878966e-06,2,4.32347365167069e-06,"210","74426","1",NA,NA,NA,NA,NA,NA,NA
NA,NA,"Bacillota","Bacilli","Bacillales","Bacillaceae","Alkalihalobacterium","Alkalihalobacterium alkalinitrilicum",2,4.32264199878966e-06,2,4.3234737869391e-06,"230","427920","1",NA,NA,NA,NA,NA,NA,NA
NA,NA,"Bacillota","Bacilli","Bacillales","Bacillaceae","Bacillus","Bacillus luti",2,4.32264199878966e-06,2.3,5.01783759716833e-06,"259","2026191","1",NA,NA,NA,NA,NA,NA,NA
NA,NA,"Bacillota","Bacilli","Bacillales","Listeriaceae","Listeria","Listeria floridensis",2,4.32264199878966e-06,2,4.37760716313094e-06,"252","1494962","1",NA,NA,NA,NA,NA,NA,NA
NA,NA,"Bacillota","Bacilli","Bacillales","Planococcaceae","Metaplanococcus","Metaplanococcus flavidus",2,4.32264199878966e-06,2,4.32347365167069e-06,"235","569883","1",NA,NA,NA,NA,NA,NA,NA
NA,NA,"Bacillota","Bacilli","Bacillales","Salinicoccaceae","Lacicoccus","Lacicoccus qingdaonensis",2,4.32264199878966e-06,2.3,4.98300047086721e-06,"234","576118","1",NA,NA,NA,NA,NA,NA,NA
NA,NA,"Bacillota","Bacilli","Bacillales","Staphylococcaceae","Staphylococcus","Staphylococcus equorum",2,4.32264199878966e-06,2.2,4.70042193155737e-06,"225","201829","1",NA,NA,NA,NA,NA,NA,NA
NA,NA,"Bacillota","Bacilli","Bacillales","Staphylococcaceae","Staphylococcus","Staphylococcus gallinarum",2,4.32264199878966e-06,2,4.37945180749828e-06,"212","1293","1",NA,NA,NA,NA,NA,NA,NA
NA,NA,"Bacillota","Bacilli","Lactobacillales","Enterococcaceae","Enterococcus","Enterococcus silesiacus",2,4.32264199878966e-06,2.4,5.12962885907414e-06,"223","332949","1",NA,NA,NA,NA,NA,NA,NA
NA,NA,"Bacillota","Bacilli","Lactobacillales","Enterococcaceae","Enterococcus","Enterococcus viikkiensis",2,4.32264199878966e-06,2.2,4.71627153992643e-06,"219","930854","1",NA,NA,NA,NA,NA,NA,NA
NA,NA,"Bacillota","Bacilli","Lactobacillales","Enterococcaceae","Vagococcus","Vagococcus entomophilus",2,4.32264199878966e-06,2,4.400231643531e-06,"254","1160095","1",NA,NA,NA,NA,NA,NA,NA
NA,NA,"Bacillota","Bacilli","Lactobacillales","Lactobacillaceae","Lactobacillus","Lactobacillus colini",2,4.32264199878966e-06,2.4,5.1057651137064e-06,"258","1819254","1",NA,NA,NA,NA,NA,NA,NA
NA,NA,"Bacillota","Bacilli","Lactobacillales","Lactobacillaceae","Lactobacillus","Lactobacillus kalixensis",2,4.32264199878966e-06,2.7,5.92998192780472e-06,"211","227944","1",NA,NA,NA,NA,NA,NA,NA
NA,NA,"Bacillota","Bacilli","Lactobacillales","Lactobacillaceae","Lactobacillus","Lactobacillus kefiranofaciens",2,4.32264199878966e-06,2.1,4.64038716439758e-06,"218","190906","1",NA,NA,NA,NA,NA,NA,NA
NA,NA,"Bacillota","Bacilli","Lactobacillales","Streptococcaceae","Streptococcus","Streptococcus porcorum",2,4.32264199878966e-06,2.1,4.47523712198184e-06,"232","701526","1",NA,NA,NA,NA,NA,NA,NA
NA,NA,"Bacillota","Bacilli","Lactobacillales","Streptococcaceae","Streptococcus","Streptococcus troglodytae",2,4.32264199878966e-06,2,4.32350295753085e-06,"244","1111760","1",NA,NA,NA,NA,NA,NA,NA
NA,NA,"Bacillota","Clostridia","Eubacteriales","Butyricicoccaceae","Agathobaculum","Agathobaculum desmolans",2,4.32264199878966e-06,2,4.32347365167069e-06,"247","39484","1",NA,NA,NA,NA,NA,NA,NA
NA,NA,"Bacillota","Clostridia","Eubacteriales","Clostridiaceae","Clostridium","Clostridium chromiireducens",2,4.32264199878966e-06,2.2,4.726318014785e-06,"242","225345","1",NA,NA,NA,NA,NA,NA,NA
NA,NA,"Bacillota","Clostridia","Eubacteriales","Eubacteriaceae","Eubacterium","Eubacterium ventriosum",2,4.32264199878966e-06,2,4.32347365167069e-06,"250","39496","1",NA,NA,NA,NA,NA,NA,NA
NA,NA,"Bacillota","Clostridia","Eubacteriales","Oscillospiraceae","Lawsonibacter","Lawsonibacter asaccharolyticus",2,4.32264199878966e-06,2,4.32347365167069e-06,"265","2108523","1",NA,NA,NA,NA,NA,NA,NA
NA,NA,"Bacillota","Clostridia","Lachnospirales","Anaerotignaceae","Anaerotignum","Anaerotignum faecicola",2,4.32264199878966e-06,2,4.32347365167069e-06,"263","2358141","1",NA,NA,NA,NA,NA,NA,NA
NA,NA,"Bacillota","Clostridia","Lachnospirales","Lachnospiraceae","Anaerobutyricum","Anaerobutyricum hallii",2,4.32264199878966e-06,2,4.32347365167069e-06,"251","39488","1",NA,NA,NA,NA,NA,NA,NA
NA,NA,"Bacillota","Clostridia","Lachnospirales","Lachnospiraceae","Dorea","Dorea longicatena",2,4.32264199878966e-06,2,4.32347365167069e-06,"236","88431","1",NA,NA,NA,NA,NA,NA,NA
NA,NA,"Bacillota","Clostridia","Lachnospirales","Lachnospiraceae","Fusicatenibacter","Fusicatenibacter saccharivorans",2,4.32264199878966e-06,2,4.32347365167069e-06,"246","1150298","1",NA,NA,NA,NA,NA,NA,NA
NA,NA,"Bacteroidota","Bacteroidia","Bacteroidales","Porphyromonadaceae","Porphyromonas","Porphyromonas gulae",2,4.32264199878966e-06,2,4.32348998068168e-06,"233","111105","1",NA,NA,NA,NA,NA,NA,NA
NA,NA,"Bacteroidota","Bacteroidia","Bacteroidales","Rikenellaceae","Alistipes","Alistipes finegoldii",2,4.32264199878966e-06,2.4,5.08856857210334e-06,"214","214856","1",NA,NA,NA,NA,NA,NA,NA
NA,NA,"Pseudomonadota","Alphaproteobacteria","Caulobacterales","Caulobacteraceae","Phenylobacterium","Phenylobacterium mobile",2,4.32264199878966e-06,2,4.32346993327248e-06,"215","162292","1",NA,NA,NA,NA,NA,NA,NA
NA,NA,"Pseudomonadota","Alphaproteobacteria","Hyphomicrobiales","Devosiaceae","Devosia","Devosia confluentis",2,4.32264199878966e-06,2,4.32347354744882e-06,"256","1849014","1",NA,NA,NA,NA,NA,NA,NA
NA,NA,"Pseudomonadota","Alphaproteobacteria","Hyphomicrobiales","Methylobacteriaceae","Microvirga","Microvirga flavescens",2,4.32264199878966e-06,2,4.32347365167069e-06,"262","2249811","1",NA,NA,NA,NA,NA,NA,NA
NA,NA,"Pseudomonadota","Alphaproteobacteria","Rhodobacterales","Paracoccaceae","Paracoccus","Paracoccus versutus",2,4.32264199878966e-06,2.1,4.62182402553462e-06,"224","34007","1",NA,NA,NA,NA,NA,NA,NA
NA,NA,"Pseudomonadota","Alphaproteobacteria","Sphingomonadales","Sphingomonadaceae","Sphingomonas","Sphingomonas daechungensis",2,4.32264199878966e-06,2,4.32347365167069e-06,"245","1176646","1",NA,NA,NA,NA,NA,NA,NA
NA,NA,"Pseudomonadota","Alphaproteobacteria","Sphingomonadales","Sphingomonadaceae","Sphingomonas","Sphingomonas limnosediminicola",2,4.32264199878966e-06,2,4.32347349543032e-06,"220","940133","1",NA,NA,NA,NA,NA,NA,NA
NA,NA,"Pseudomonadota","Betaproteobacteria","Neisseriales","Aquaspirillaceae","Aquaspirillum","Aquaspirillum arcticum",2,4.32264199878966e-06,2,4.32347365167069e-06,"222","87645","1",NA,NA,NA,NA,NA,NA,NA
NA,NA,"Pseudomonadota","Gammaproteobacteria","Enterobacterales","Enterobacteriaceae","Kosakonia","Kosakonia cowanii",2,4.32264199878966e-06,2,4.32346796098219e-06,"209","1300165","1",NA,NA,NA,NA,NA,NA,NA
NA,NA,"Pseudomonadota","Gammaproteobacteria","Lysobacterales","Lysobacteraceae","Arenimonas","Arenimonas daechungensis",2,4.32264199878966e-06,2,4.32347365167069e-06,"243","1052258","1",NA,NA,NA,NA,NA,NA,NA
NA,NA,"Pseudomonadota","Gammaproteobacteria","Lysobacterales","Lysobacteraceae","Noviluteimonas","Noviluteimonas caseinilytica",2,4.32264199878966e-06,2,4.32347363843478e-06,"266","2675101","1",NA,NA,NA,NA,NA,NA,NA
NA,NA,"Pseudomonadota","Gammaproteobacteria","Moraxellales","Moraxellaceae","Acinetobacter","Acinetobacter haemolyticus",2,4.32264199878966e-06,2.6,5.53045622636977e-06,"205","29430","1",NA,NA,NA,NA,NA,NA,NA
NA,NA,"Pseudomonadota","Gammaproteobacteria","Moraxellales","Moraxellaceae","Acinetobacter","Acinetobacter piscicola",2,4.32264199878966e-06,2.3,5.05501729775781e-06,"261","2006115","1",NA,NA,NA,NA,NA,NA,NA
NA,NA,"Pseudomonadota","Gammaproteobacteria","Pseudomonadales","Pseudomonadaceae","Pseudomonas","Pseudomonas guezennei",2,4.32264199878966e-06,2.4,5.19267580767434e-06,"229","310348","1",NA,NA,NA,NA,NA,NA,NA
NA,NA,"Verrucomicrobiota","Verrucomicrobiia","Verrucomicrobiales","Akkermansiaceae","Akkermansia","Akkermansia muciniphila",2,4.32264199878966e-06,2,4.32347365167069e-06,"228","239935","1",NA,NA,NA,NA,NA,NA,NA
NA,NA,"Acidobacteriota","Blastocatellia","Blastocatellales","Arenimicrobiaceae","Arenimicrobium","Arenimicrobium luteum",1,2.16132099939483e-06,1,2.16173682583535e-06,"391","1560324","1",NA,NA,NA,NA,NA,NA,NA
NA,NA,"Acidobacteriota","Vicinamibacteria","Vicinamibacterales","Vicinamibacteraceae","Vicinamibacter","Vicinamibacter silvestris",1,2.16132099939483e-06,1,2.16173682583535e-06,"386","1612172","1",NA,NA,NA,NA,NA,NA,NA
NA,NA,"Actinomycetota","Actinomycetes","Actinomycetales","Actinomycetaceae","Schaalia","Schaalia meyeri",1,2.16132099939483e-06,1,2.16182180368883e-06,"285","52773","1",NA,NA,NA,NA,NA,NA,NA
NA,NA,"Actinomycetota","Actinomycetes","Geodermatophilales","Geodermatophilaceae","Blastococcus","Blastococcus aggregatus",1,2.16132099939483e-06,1,2.16173682583535e-06,"268","38502","1",NA,NA,NA,NA,NA,NA,NA
NA,NA,"Actinomycetota","Actinomycetes","Kineosporiales","Kineosporiaceae","Angustibacter","Angustibacter speluncae",1,2.16132099939483e-06,1,2.16164725154629e-06,"396","1940617","1",NA,NA,NA,NA,NA,NA,NA
NA,NA,"Actinomycetota","Actinomycetes","Kitasatosporales","Streptomycetaceae","Streptomyces","Streptomyces adustus",1,2.16132099939483e-06,0.2,4.32347365167069e-07,"384","1609272","1",NA,NA,NA,NA,NA,NA,NA
NA,NA,"Actinomycetota","Actinomycetes","Kitasatosporales","Streptomycetaceae","Streptomyces","Streptomyces aureocirculatus",1,2.16132099939483e-06,0.2,4.32347365167069e-07,"312","67275","1",NA,NA,NA,NA,NA,NA,NA
NA,NA,"Actinomycetota","Actinomycetes","Kitasatosporales","Streptomycetaceae","Streptomyces","Streptomyces cellostaticus",1,2.16132099939483e-06,0.2,4.32347365167069e-07,"343","67285","1",NA,NA,NA,NA,NA,NA,NA
NA,NA,"Actinomycetota","Actinomycetes","Kitasatosporales","Streptomycetaceae","Streptomyces","Streptomyces cyaneochromogenes",1,2.16132099939483e-06,0.2,4.32347365167069e-07,"404","2496836","1",NA,NA,NA,NA,NA,NA,NA
NA,NA,"Actinomycetota","Actinomycetes","Kitasatosporales","Streptomycetaceae","Streptomyces","Streptomyces griseoruber",1,2.16132099939483e-06,0.2,4.32347365167069e-07,"346","1943","1",NA,NA,NA,NA,NA,NA,NA
NA,NA,"Actinomycetota","Actinomycetes","Micrococcales","Cellulomonadaceae","Cellulomonas","Cellulomonas aerilata",1,2.16132099939483e-06,0.2,5.34185952445481e-07,"332","515326","1",NA,NA,NA,NA,NA,NA,NA
NA,NA,"Actinomycetota","Actinomycetes","Micrococcales","Cellulomonadaceae","Cellulomonas","Cellulomonas humilata",1,2.16132099939483e-06,0.2,5.34185952445481e-07,"272","144055","1",NA,NA,NA,NA,NA,NA,NA
NA,NA,"Actinomycetota","Actinomycetes","Micrococcales","Cellulomonadaceae","Cellulomonas","Cellulomonas soli",1,2.16132099939483e-06,0.2,5.34185952445481e-07,"353","931535","1",NA,NA,NA,NA,NA,NA,NA
NA,NA,"Actinomycetota","Actinomycetes","Micrococcales","Cellulomonadaceae","Cellulomonas","Cellulomonas terrae",1,2.16132099939483e-06,0.2,5.34185952445481e-07,"290","311234","1",NA,NA,NA,NA,NA,NA,NA
NA,NA,"Actinomycetota","Actinomycetes","Micrococcales","Intrasporangiaceae","Knoellia","Knoellia locipacati",1,2.16132099939483e-06,0.5,1.01707201082959e-06,"327","882824","1",NA,NA,NA,NA,NA,NA,NA
NA,NA,"Actinomycetota","Actinomycetes","Micrococcales","Intrasporangiaceae","Knoellia","Knoellia sinensis",1,2.16132099939483e-06,0.5,1.01707201082959e-06,"281","136100","1",NA,NA,NA,NA,NA,NA,NA
NA,NA,"Actinomycetota","Actinomycetes","Micrococcales","Intrasporangiaceae","Oryzobacter","Oryzobacter terrae",1,2.16132099939483e-06,0.5,1.06055541353026e-06,"382","1620385","1",NA,NA,NA,NA,NA,NA,NA
NA,NA,"Actinomycetota","Actinomycetes","Micrococcales","Intrasporangiaceae","Phycicoccus","Phycicoccus elongatus",1,2.16132099939483e-06,0.5,1.06055541353026e-06,"278","1193181","1",NA,NA,NA,NA,NA,NA,NA
NA,NA,"Actinomycetota","Actinomycetes","Micromonosporales","Micromonosporaceae","Actinoplanes","Actinoplanes auranticolor",1,2.16132099939483e-06,0.2,4.69399546627289e-07,"269","47988","1",NA,NA,NA,NA,NA,NA,NA
NA,NA,"Actinomycetota","Actinomycetes","Micromonosporales","Micromonosporaceae","Actinoplanes","Actinoplanes derwentensis",1,2.16132099939483e-06,0.2,4.69399546627289e-07,"304","113562","1",NA,NA,NA,NA,NA,NA,NA
NA,NA,"Actinomycetota","Actinomycetes","Micromonosporales","Micromonosporaceae","Actinoplanes","Actinoplanes liguriensis",1,2.16132099939483e-06,0.2,4.69399546627289e-07,"305","69484","1",NA,NA,NA,NA,NA,NA,NA
NA,NA,"Actinomycetota","Actinomycetes","Micromonosporales","Micromonosporaceae","Actinoplanes","Actinoplanes sichuanensis",1,2.16132099939483e-06,0.2,4.69399546627289e-07,"335","512349","1",NA,NA,NA,NA,NA,NA,NA
NA,NA,"Actinomycetota","Actinomycetes","Micromonosporales","Micromonosporaceae","Jidongwangia","Jidongwangia harbinensis",1,2.16132099939483e-06,1,2.07987037187029e-06,"362","2878561","1",NA,NA,NA,NA,NA,NA,NA
NA,NA,"Actinomycetota","Actinomycetes","Micromonosporales","Micromonosporaceae","Virgisporangium","Virgisporangium aurantiacum",1,2.16132099939483e-06,0.3,7.04869321563648e-07,"276","175570","1",NA,NA,NA,NA,NA,NA,NA
NA,NA,"Actinomycetota","Actinomycetes","Micromonosporales","Micromonosporaceae","Virgisporangium","Virgisporangium myanmarense",1,2.16132099939483e-06,0.3,7.04869321563648e-07,"394","1938555","1",NA,NA,NA,NA,NA,NA,NA
NA,NA,"Actinomycetota","Actinomycetes","Micromonosporales","Micromonosporaceae","Virgisporangium","Virgisporangium ochraceum",1,2.16132099939483e-06,0.3,7.04869321563648e-07,"275","65505","1",NA,NA,NA,NA,NA,NA,NA
NA,NA,"Actinomycetota","Actinomycetes","Mycobacteriales","Lawsonellaceae","Lawsonella","Lawsonella clevelandensis",1,2.16132099939483e-06,1,2.16173682583535e-06,"358","1528099","1",NA,NA,NA,NA,NA,NA,NA
NA,NA,"Actinomycetota","Actinomycetes","Mycobacteriales","Mycobacteriaceae","Mycolicibacterium","Mycolicibacterium aichiense",1,2.16132099939483e-06,0.2,5.40434206458837e-07,"284","1799","1",NA,NA,NA,NA,NA,NA,NA
NA,NA,"Actinomycetota","Actinomycetes","Mycobacteriales","Mycobacteriaceae","Mycolicibacterium","Mycolicibacterium aurum",1,2.16132099939483e-06,0.3,7.20578941945116e-07,"283","1791","1",NA,NA,NA,NA,NA,NA,NA
NA,NA,"Actinomycetota","Actinomycetes","Mycobacteriales","Mycobacteriaceae","Mycolicibacterium","Mycolicibacterium austroafricanum",1,2.16132099939483e-06,0.3,7.20578941945116e-07,"347","39687","1",NA,NA,NA,NA,NA,NA,NA
NA,NA,"Actinomycetota","Actinomycetes","Mycobacteriales","Mycobacteriaceae","Mycolicibacterium","Mycolicibacterium gadium",1,2.16132099939483e-06,0.2,5.40434206458837e-07,"271","1794","1",NA,NA,NA,NA,NA,NA,NA
NA,NA,"Actinomycetota","Actinomycetes","Mycobacteriales","Mycobacteriaceae","Mycolicibacterium","Mycolicibacterium llatzerense",1,2.16132099939483e-06,0.3,6.93211817357782e-07,"318","280871","1",NA,NA,NA,NA,NA,NA,NA
NA,NA,"Actinomycetota","Actinomycetes","Mycobacteriales","Mycobacteriaceae","Mycolicibacterium","Mycolicibacterium mageritense",1,2.16132099939483e-06,0.3,6.93211817357782e-07,"313","53462","1",NA,NA,NA,NA,NA,NA,NA
NA,NA,"Actinomycetota","Actinomycetes","Mycobacteriales","Mycobacteriaceae","Mycolicibacterium","Mycolicibacterium murale",1,2.16132099939483e-06,0.3,6.93211817357782e-07,"329","182220","1",NA,NA,NA,NA,NA,NA,NA
NA,NA,"Actinomycetota","Actinomycetes","Mycobacteriales","Mycobacteriaceae","Mycolicibacterium","Mycolicibacterium rhodesiae",1,2.16132099939483e-06,0.2,5.40434206458837e-07,"279","36814","1",NA,NA,NA,NA,NA,NA,NA
NA,NA,"Actinomycetota","Actinomycetes","Mycobacteriales","Mycobacteriaceae","Mycolicibacterium","Mycolicibacterium tusciae",1,2.16132099939483e-06,0.2,5.40434206458837e-07,"330","75922","1",NA,NA,NA,NA,NA,NA,NA
NA,NA,"Actinomycetota","Actinomycetes","Mycobacteriales","Mycobacteriaceae","Mycolicibacterium","Mycolicibacterium vanbaalenii",1,2.16132099939483e-06,0.3,7.20578941945116e-07,"337","350058","1",NA,NA,NA,NA,NA,NA,NA
NA,NA,"Actinomycetota","Actinomycetes","Propionibacteriales","Nocardioidaceae","Nocardioides","Nocardioides aestuarii",1,2.16132099939483e-06,1.2,2.59495588622361e-06,"267","252231","1",NA,NA,NA,NA,NA,NA,NA
NA,NA,"Actinomycetota","Actinomycetes","Propionibacteriales","Nocardioidaceae","Nocardioides","Nocardioides halotolerans",1,2.16132099939483e-06,1,2.16173682583535e-06,"322","1122609","1",NA,NA,NA,NA,NA,NA,NA
NA,NA,"Actinomycetota","Actinomycetes","Propionibacteriales","Nocardioidaceae","Nocardioides","Nocardioides insulae",1,2.16132099939483e-06,1,2.16156672452528e-06,"310","394734","1",NA,NA,NA,NA,NA,NA,NA
NA,NA,"Actinomycetota","Actinomycetes","Propionibacteriales","Nocardioidaceae","Nocardioides","Nocardioides lianchengensis",1,2.16132099939483e-06,1,2.16173682583535e-06,"366","1045774","1",NA,NA,NA,NA,NA,NA,NA
NA,NA,"Actinomycetota","Actinomycetes","Pseudonocardiales","Pseudonocardiaceae","Actinosynnema","Actinosynnema mirum",1,2.16132099939483e-06,0.2,4.32347365167069e-07,"309","40567","1",NA,NA,NA,NA,NA,NA,NA
NA,NA,"Actinomycetota","Actinomycetes","Pseudonocardiales","Pseudonocardiaceae","Actinosynnema","Actinosynnema pretiosum",1,2.16132099939483e-06,0.2,4.32347365167069e-07,"317","42198","1",NA,NA,NA,NA,NA,NA,NA
NA,NA,"Actinomycetota","Actinomycetes","Pseudonocardiales","Pseudonocardiaceae","Lentzea","Lentzea aerocolonigenes",1,2.16132099939483e-06,0.2,4.32347365167069e-07,"303","68170","1",NA,NA,NA,NA,NA,NA,NA
NA,NA,"Actinomycetota","Actinomycetes","Pseudonocardiales","Pseudonocardiaceae","Lentzea","Lentzea flava",1,2.16132099939483e-06,0.2,4.32347365167069e-07,"296","103732","1",NA,NA,NA,NA,NA,NA,NA
NA,NA,"Actinomycetota","Actinomycetes","Pseudonocardiales","Pseudonocardiaceae","Lentzea","Lentzea fradiae",1,2.16132099939483e-06,0.2,4.32347365167069e-07,"289","200378","1",NA,NA,NA,NA,NA,NA,NA
NA,NA,"Actinomycetota","Thermoleophilia","Solirubrobacterales","Conexibacteraceae","Conexibacter","Conexibacter stalactiti",1,2.16132099939483e-06,1,2.16173682583535e-06,"395","1940611","1",NA,NA,NA,NA,NA,NA,NA
NA,NA,"Bacillota","Bacilli","Bacillales","Bacillaceae","Anaerobacillus","Anaerobacillus alkaliphilus",1,2.16132099939483e-06,1,2.16173682583535e-06,"398","1548597","1",NA,NA,NA,NA,NA,NA,NA
NA,NA,"Bacillota","Bacilli","Bacillales","Bacillaceae","Bacillus","Bacillus carboniphilus",1,2.16132099939483e-06,1,2.16173682583535e-06,"277","86663","1",NA,NA,NA,NA,NA,NA,NA
NA,NA,"Bacillota","Bacilli","Bacillales","Bacillaceae","Bacillus","Bacillus dakarensis",1,2.16132099939483e-06,1,2.15625664288232e-06,"399","1926278","1",NA,NA,NA,NA,NA,NA,NA
NA,NA,"Bacillota","Bacilli","Bacillales","Bacillaceae","Bacillus","Bacillus manusensis",1,2.16132099939483e-06,1,2.16173682583535e-06,"397","2078954","1",NA,NA,NA,NA,NA,NA,NA
NA,NA,"Bacillota","Bacilli","Bacillales","Bacillaceae","Bacillus","Bacillus tianshenii",1,2.16132099939483e-06,1,2.1619277774952e-06,"392","1463404","1",NA,NA,NA,NA,NA,NA,NA
NA,NA,"Bacillota","Bacilli","Bacillales","Bacillaceae","Ectobacillus","Ectobacillus funiculus",1,2.16132099939483e-06,1,2.16173682583535e-06,"280","137993","1",NA,NA,NA,NA,NA,NA,NA
NA,NA,"Bacillota","Bacilli","Bacillales","Bacillaceae","Halalkalibacter","Halalkalibacter oceani",1,2.16132099939483e-06,1,2.210077609818e-06,"385","1653776","1",NA,NA,NA,NA,NA,NA,NA
NA,NA,"Bacillota","Bacilli","Bacillales","Bacillaceae","Lysinibacillus","Lysinibacillus alkaliphilus",1,2.16132099939483e-06,0.5,1.08086841291767e-06,"373","1450019","1",NA,NA,NA,NA,NA,NA,NA
NA,NA,"Bacillota","Bacilli","Bacillales","Bacillaceae","Lysinibacillus","Lysinibacillus composti",1,2.16132099939483e-06,0.5,1.08086841291767e-06,"331","720633","1",NA,NA,NA,NA,NA,NA,NA
NA,NA,"Bacillota","Bacilli","Bacillales","Planococcaceae","Caryophanon","Caryophanon latum",1,2.16132099939483e-06,1,2.05724425983375e-06,"293","33977","1",NA,NA,NA,NA,NA,NA,NA
NA,NA,"Bacillota","Bacilli","Bacillales","Planococcaceae","Viridibacillus","Viridibacillus arenosi",1,2.16132099939483e-06,1,2.16183494613504e-06,"348","263476","1",NA,NA,NA,NA,NA,NA,NA
NA,NA,"Bacillota","Bacilli","Bacillales","Staphylococcaceae","Macrococcus","Macrococcus bovicus",1,2.16132099939483e-06,1,2.16173682583535e-06,"301","69968","1",NA,NA,NA,NA,NA,NA,NA
NA,NA,"Bacillota","Bacilli","Bacillales","Staphylococcaceae","Salinicoccus","Salinicoccus sediminis",1,2.16132099939483e-06,1,2.16173682583535e-06,"374","1432562","1",NA,NA,NA,NA,NA,NA,NA
NA,NA,"Bacillota","Bacilli","Bacillales","Staphylococcaceae","Staphylococcus","Staphylococcus cohnii",1,2.16132099939483e-06,1,2.21623193044e-06,"286","29382","1",NA,NA,NA,NA,NA,NA,NA
NA,NA,"Bacillota","Bacilli","Bacillales","Staphylococcaceae","Staphylococcus","Staphylococcus croceilyticus",1,2.16132099939483e-06,1.1,2.32027422258959e-06,"306","319942","1",NA,NA,NA,NA,NA,NA,NA
NA,NA,"Bacillota","Bacilli","Bacillales","Staphylococcaceae","Staphylococcus","Staphylococcus nepalensis",1,2.16132099939483e-06,1,2.16307562864403e-06,"282","214473","1",NA,NA,NA,NA,NA,NA,NA
NA,NA,"Bacillota","Bacilli","Bacillales","Staphylococcaceae","Staphylococcus","Staphylococcus pragensis",1,2.16132099939483e-06,1.7,3.66799185276173e-06,"381","1611836","1",NA,NA,NA,NA,NA,NA,NA
NA,NA,"Bacillota","Bacilli","Bacillales","Staphylococcaceae","Staphylococcus","Staphylococcus simulans",1,2.16132099939483e-06,1.4,3.01225366439574e-06,"287","1286","1",NA,NA,NA,NA,NA,NA,NA
NA,NA,"Bacillota","Bacilli","Lactobacillales","Enterococcaceae","Enterococcus","Enterococcus crotali",1,2.16132099939483e-06,1.1,2.43114337127439e-06,"371","1453587","1",NA,NA,NA,NA,NA,NA,NA
NA,NA,"Bacillota","Bacilli","Lactobacillales","Enterococcaceae","Enterococcus","Enterococcus raffinosus",1,2.16132099939483e-06,1.6,3.53374163199185e-06,"274","71452","1",NA,NA,NA,NA,NA,NA,NA
NA,NA,"Bacillota","Bacilli","Lactobacillales","Enterococcaceae","Vagococcus","Vagococcus lutrae",1,2.16132099939483e-06,1,2.16195280774295e-06,"273","81947","1",NA,NA,NA,NA,NA,NA,NA
NA,NA,"Bacillota","Bacilli","Lactobacillales","Streptococcaceae","Streptococcus","Streptococcus didelphis",1,2.16132099939483e-06,1,2.19191438080258e-06,"314","102886","1",NA,NA,NA,NA,NA,NA,NA
NA,NA,"Bacillota","Bacilli","Lactobacillales","Streptococcaceae","Streptococcus","Streptococcus phocae",1,2.16132099939483e-06,1,2.16173730893387e-06,"344","119224","1",NA,NA,NA,NA,NA,NA,NA
NA,NA,"Bacillota","Clostridia","Eubacteriales","Clostridiaceae","Clostridium","Clostridium butyricum",1,2.16132099939483e-06,1.5,3.16254847163742e-06,"294","1492","1",NA,NA,NA,NA,NA,NA,NA
NA,NA,"Bacillota","Clostridia","Lachnospirales","Lachnospiraceae","Blautia","Blautia faecicola",1,2.16132099939483e-06,1,2.16173682583535e-06,"403","2509240","1",NA,NA,NA,NA,NA,NA,NA
NA,NA,"Bacillota","Clostridia","Lachnospirales","Lachnospiraceae","Blautia","Blautia stercoris",1,2.16132099939483e-06,1,2.16173682583535e-06,"328","871664","1",NA,NA,NA,NA,NA,NA,NA
NA,NA,"Bacillota","Clostridia","Lachnospirales","Lachnospiraceae","Blautia","Blautia wexlerae",1,2.16132099939483e-06,1.1,2.34700482296329e-06,"311","1121115","1",NA,NA,NA,NA,NA,NA,NA
NA,NA,"Bacillota","Clostridia","Lachnospirales","Lachnospiraceae","Lachnospira","[Lactobacillus] rogosae",1,2.16132099939483e-06,1,2.16173682583535e-06,"325","706562","1",NA,NA,NA,NA,NA,NA,NA
NA,NA,"Bacillota","Clostridia","Lachnospirales","Lachnospiraceae","Roseburia","Roseburia faecis",1,2.16132099939483e-06,1.9,4.1031303422235e-06,"340","301302","1",NA,NA,NA,NA,NA,NA,NA
NA,NA,"Bacteroidota","Bacteroidia","Bacteroidales","Odoribacteraceae","Butyricimonas","Butyricimonas faecihominis",1,2.16132099939483e-06,0.5,1.07973709599883e-06,"376","1472416","1",NA,NA,NA,NA,NA,NA,NA
NA,NA,"Bacteroidota","Bacteroidia","Bacteroidales","Odoribacteraceae","Butyricimonas","Butyricimonas paravirosa",1,2.16132099939483e-06,0.5,1.07973709599883e-06,"377","1472417","1",NA,NA,NA,NA,NA,NA,NA
NA,NA,"Bacteroidota","Chitinophagia","Chitinophagales","Chitinophagaceae","Sediminibacterium","Sediminibacterium salmoneum",1,2.16132099939483e-06,1,2.16113736337538e-06,"321","1400522","1",NA,NA,NA,NA,NA,NA,NA
NA,NA,"Bacteroidota","Chitinophagia","Chitinophagales","Chitinophagaceae","Terrimonas","Terrimonas crocea",1,2.16132099939483e-06,1,2.16173682583535e-06,"388","1867851","1",NA,NA,NA,NA,NA,NA,NA
NA,NA,"Bacteroidota","Chitinophagia","Chitinophagales","Chitinophagaceae","Terrimonas","Terrimonas lutea",1,2.16132099939483e-06,1,2.16173682583535e-06,"341","296052","1",NA,NA,NA,NA,NA,NA,NA
NA,NA,"Bacteroidota","Flavobacteriia","Flavobacteriales","Flavobacteriaceae","Flavobacterium","Flavobacterium cauense",1,2.16132099939483e-06,1,2.16173682583535e-06,"334","1341154","1",NA,NA,NA,NA,NA,NA,NA
NA,NA,"Bacteroidota","Sphingobacteriia","Sphingobacteriales","Sphingobacteriaceae","Daejeonella","Daejeonella huanghensis",1,2.16132099939483e-06,1,2.16173682583535e-06,"368","1303477","1",NA,NA,NA,NA,NA,NA,NA
NA,NA,"Bacteroidota","Sphingobacteriia","Sphingobacteriales","Sphingobacteriaceae","Pedobacter","Pedobacter ginsengisoli",1,2.16132099939483e-06,0.5,1.08086841291767e-06,"342","363852","1",NA,NA,NA,NA,NA,NA,NA
NA,NA,"Bacteroidota","Sphingobacteriia","Sphingobacteriales","Sphingobacteriaceae","Pedobacter","Pedobacter humi",1,2.16132099939483e-06,0.5,1.08086841291767e-06,"378","1517591","1",NA,NA,NA,NA,NA,NA,NA
NA,NA,"Myxococcota",NA,"Polyangiales","Polyangiaceae","Aetherobacter","Aetherobacter rufus",1,2.16132099939483e-06,0.5,1.07860553037148e-06,"295","888831","1",NA,NA,NA,NA,NA,NA,NA
NA,NA,"Myxococcota",NA,"Polyangiales","Polyangiaceae","Racemicystis","Racemicystis persica",1,2.16132099939483e-06,0.5,1.07860553037148e-06,"401","1885912","1",NA,NA,NA,NA,NA,NA,NA
NA,NA,"Pseudomonadota","Alphaproteobacteria","Hyphomicrobiales","Devosiaceae","Devosia","Devosia elaeis",1,2.16132099939483e-06,1,2.16173682583535e-06,"389","1770058","1",NA,NA,NA,NA,NA,NA,NA
NA,NA,"Pseudomonadota","Alphaproteobacteria","Hyphomicrobiales","Hyphomicrobiaceae","Hyphomicrobium","Hyphomicrobium aestuarii",1,2.16132099939483e-06,0.5,1.08086841291767e-06,"354","53398","1",NA,NA,NA,NA,NA,NA,NA
NA,NA,"Pseudomonadota","Alphaproteobacteria","Hyphomicrobiales","Hyphomicrobiaceae","Hyphomicrobium","Hyphomicrobium vulgare",1,2.16132099939483e-06,0.5,1.08086841291767e-06,"324","83","1",NA,NA,NA,NA,NA,NA,NA
NA,NA,"Pseudomonadota","Alphaproteobacteria","Hyphomicrobiales","Nitrobacteraceae","Bradyrhizobium","Bradyrhizobium denitrificans",1,2.16132099939483e-06,0.2,4.32347365167069e-07,"350","2734912","1",NA,NA,NA,NA,NA,NA,NA
NA,NA,"Pseudomonadota","Alphaproteobacteria","Hyphomicrobiales","Nitrobacteraceae","Bradyrhizobium","Bradyrhizobium embrapense",1,2.16132099939483e-06,0.2,4.32347365167069e-07,"307","630921","1",NA,NA,NA,NA,NA,NA,NA
NA,NA,"Pseudomonadota","Alphaproteobacteria","Hyphomicrobiales","Nitrobacteraceae","Bradyrhizobium","Bradyrhizobium icense",1,2.16132099939483e-06,0.2,4.32347365167069e-07,"315","1274631","1",NA,NA,NA,NA,NA,NA,NA
NA,NA,"Pseudomonadota","Alphaproteobacteria","Hyphomicrobiales","Nitrobacteraceae","Bradyrhizobium","Bradyrhizobium namibiense",1,2.16132099939483e-06,0.2,4.32347365167069e-07,"380","1549938","1",NA,NA,NA,NA,NA,NA,NA
NA,NA,"Pseudomonadota","Alphaproteobacteria","Hyphomicrobiales","Nitrobacteraceae","Bradyrhizobium","Bradyrhizobium neotropicale",1,2.16132099939483e-06,0.2,4.32347365167069e-07,"370","1497615","1",NA,NA,NA,NA,NA,NA,NA
NA,NA,"Pseudomonadota","Alphaproteobacteria","Hyphomicrobiales","Phyllobacteriaceae","Mesorhizobium","Mesorhizobium thiogangeticum",1,2.16132099939483e-06,1,2.16173682583535e-06,"351","302401","1",NA,NA,NA,NA,NA,NA,NA
NA,NA,"Pseudomonadota","Alphaproteobacteria","Hyphomicrobiales","Rhizobiaceae","Rhizobium","Rhizobium altiplani",1,2.16132099939483e-06,0.3,7.20578941945116e-07,"387","1864509","1",NA,NA,NA,NA,NA,NA,NA
NA,NA,"Pseudomonadota","Alphaproteobacteria","Hyphomicrobiales","Rhizobiaceae","Rhizobium","Rhizobium azibense",1,2.16132099939483e-06,0.2,5.40434206458837e-07,"364","1136135","1",NA,NA,NA,NA,NA,NA,NA
NA,NA,"Pseudomonadota","Alphaproteobacteria","Hyphomicrobiales","Rhizobiaceae","Rhizobium","Rhizobium cauense",1,2.16132099939483e-06,0.3,7.20578941945116e-07,"363","1166683","1",NA,NA,NA,NA,NA,NA,NA
NA,NA,"Pseudomonadota","Alphaproteobacteria","Hyphomicrobiales","Rhizobiaceae","Rhizobium","Rhizobium endophyticum",1,2.16132099939483e-06,0.3,7.20578941945116e-07,"338","990287","1",NA,NA,NA,NA,NA,NA,NA
NA,NA,"Pseudomonadota","Alphaproteobacteria","Hyphomicrobiales","Rhizobiaceae","Rhizobium","Rhizobium esperanzae",1,2.16132099939483e-06,0.2,4.32347365167069e-07,"365","1967781","1",NA,NA,NA,NA,NA,NA,NA
NA,NA,"Pseudomonadota","Alphaproteobacteria","Hyphomicrobiales","Rhizobiaceae","Rhizobium","Rhizobium indigoferae",1,2.16132099939483e-06,0.2,4.32347365167069e-07,"323","158891","1",NA,NA,NA,NA,NA,NA,NA
NA,NA,"Pseudomonadota","Alphaproteobacteria","Hyphomicrobiales","Rhizobiaceae","Rhizobium","Rhizobium leguminosarum",1,2.16132099939483e-06,0.2,4.32347365167069e-07,"300","754774","1",NA,NA,NA,NA,NA,NA,NA
NA,NA,"Pseudomonadota","Alphaproteobacteria","Hyphomicrobiales","Rhizobiaceae","Rhizobium","Rhizobium miluonense",1,2.16132099939483e-06,0.2,4.32347365167069e-07,"308","411945","1",NA,NA,NA,NA,NA,NA,NA
NA,NA,"Pseudomonadota","Alphaproteobacteria","Hyphomicrobiales","Rhizobiaceae","Rhizobium","Rhizobium mongolense",1,2.16132099939483e-06,0.2,5.40434206458837e-07,"270","57676","1",NA,NA,NA,NA,NA,NA,NA
NA,NA,"Pseudomonadota","Alphaproteobacteria","Hyphomicrobiales","Rhizobiaceae","Rhizobium","Rhizobium phaseoli",1,2.16132099939483e-06,0.2,4.32347365167069e-07,"359","396","1",NA,NA,NA,NA,NA,NA,NA
NA,NA,"Pseudomonadota","Alphaproteobacteria","Hyphomicrobiales","Rhizobiaceae","Rhizobium","Rhizobium viscosum",1,2.16132099939483e-06,0.2,5.40434206458837e-07,"291","1673","1",NA,NA,NA,NA,NA,NA,NA
NA,NA,"Pseudomonadota","Alphaproteobacteria","Hyphomicrobiales","Rhizobiaceae","Rhizobium","Rhizobium yanglingense",1,2.16132099939483e-06,0.2,5.40434206458837e-07,"316","61013","1",NA,NA,NA,NA,NA,NA,NA
NA,NA,"Pseudomonadota","Alphaproteobacteria","Rhodobacterales","Paracoccaceae","Gemmobacter","Gemmobacter nectariphilus",1,2.16132099939483e-06,1,2.16173665268648e-06,"349","1121271","1",NA,NA,NA,NA,NA,NA,NA
NA,NA,"Pseudomonadota","Alphaproteobacteria","Rhodobacterales","Paracoccaceae","Paracoccus","Paracoccus kocurii",1,2.16132099939483e-06,1.4,2.95090079317074e-06,"336","34005","1",NA,NA,NA,NA,NA,NA,NA
NA,NA,"Pseudomonadota","Alphaproteobacteria","Rhodobacterales","Paracoccaceae","Rhodovulum","Rhodovulum kholense",1,2.16132099939483e-06,1,2.16156672452528e-06,"319","453584","1",NA,NA,NA,NA,NA,NA,NA
NA,NA,"Pseudomonadota","Alphaproteobacteria","Rhodospirillales","Acetobacteraceae","Falsiroseomonas","Falsiroseomonas wooponensis",1,2.16132099939483e-06,1,2.16173682583535e-06,"375","1428345","1",NA,NA,NA,NA,NA,NA,NA
NA,NA,"Pseudomonadota","Alphaproteobacteria","Sphingomonadales","Sphingomonadaceae","Sphingomonas","Sphingomonas echinoides",1,2.16132099939483e-06,1,2.16134133492809e-06,"360","59803","1",NA,NA,NA,NA,NA,NA,NA
NA,NA,"Pseudomonadota","Alphaproteobacteria","Sphingomonadales","Sphingomonadaceae","Sphingomonas","Sphingomonas rhizophila",1,2.16132099939483e-06,0.4,9.07016442172963e-07,"400","2071607","1",NA,NA,NA,NA,NA,NA,NA
NA,NA,"Pseudomonadota","Alphaproteobacteria","Sphingomonadales","Sphingosinicellaceae","Sphingosinicella","Sphingosinicella cucumeris",1,2.16132099939483e-06,1,2.16173682583535e-06,"383","1591117","1",NA,NA,NA,NA,NA,NA,NA
NA,NA,"Pseudomonadota","Betaproteobacteria","Burkholderiales","Comamonadaceae","Paracidovorax","Paracidovorax konjaci",1,2.16132099939483e-06,1,2.15978298038945e-06,"292","32040","1",NA,NA,NA,NA,NA,NA,NA
NA,NA,"Pseudomonadota","Betaproteobacteria","Burkholderiales","Comamonadaceae","Variovorax","Variovorax humicola",1,2.16132099939483e-06,0.5,1.07631552484006e-06,"390","1769758","1",NA,NA,NA,NA,NA,NA,NA
NA,NA,"Pseudomonadota","Betaproteobacteria","Burkholderiales","Comamonadaceae","Xenophilus","Xenophilus arseniciresistens",1,2.16132099939483e-06,0.5,1.07631552484006e-06,"357","1283306","1",NA,NA,NA,NA,NA,NA,NA
NA,NA,"Pseudomonadota","Betaproteobacteria","Burkholderiales","Oxalobacteraceae","Massilia","Massilia atriviolacea",1,2.16132099939483e-06,0.3,7.20578941945116e-07,"402","2495579","1",NA,NA,NA,NA,NA,NA,NA
NA,NA,"Pseudomonadota","Betaproteobacteria","Burkholderiales","Oxalobacteraceae","Massilia","Massilia aurea",1,2.16132099939483e-06,0.5,9.91606996647739e-07,"297","373040","1",NA,NA,NA,NA,NA,NA,NA
NA,NA,"Pseudomonadota","Betaproteobacteria","Burkholderiales","Oxalobacteraceae","Massilia","Massilia glaciei",1,2.16132099939483e-06,0.3,7.20578941945116e-07,"379","1524097","1",NA,NA,NA,NA,NA,NA,NA
NA,NA,"Pseudomonadota","Betaproteobacteria","Burkholderiales","Oxalobacteraceae","Massilia","Massilia niastensis",1,2.16132099939483e-06,0.5,9.91606996647739e-07,"333","544911","1",NA,NA,NA,NA,NA,NA,NA
NA,NA,"Pseudomonadota","Betaproteobacteria","Burkholderiales","Oxalobacteraceae","Pseudoduganella","Pseudoduganella namucuonensis",1,2.16132099939483e-06,0.3,7.20578941945116e-07,"367","1035707","1",NA,NA,NA,NA,NA,NA,NA
NA,NA,"Pseudomonadota","Betaproteobacteria","Burkholderiales","Sphaerotilaceae","Caldimonas","Caldimonas caldifontis",1,2.16132099939483e-06,0.5,1.08086841291767e-06,"372","1452508","1",NA,NA,NA,NA,NA,NA,NA
NA,NA,"Pseudomonadota","Betaproteobacteria","Burkholderiales",NA,"Aquabacterium","Aquabacterium limnoticum",1,2.16132099939483e-06,0.5,1.08086841291767e-06,"326","708634","1",NA,NA,NA,NA,NA,NA,NA
NA,NA,"Pseudomonadota","Betaproteobacteria","Neisseriales","Neisseriaceae","Neisseria","Neisseria gonorrhoeae",1,2.16132099939483e-06,1,2.1617898767984e-06,"393","485","1",NA,NA,NA,NA,NA,NA,NA
NA,NA,"Pseudomonadota","Gammaproteobacteria","Enterobacterales","Enterobacteriaceae","Cronobacter","Cronobacter condimenti",1,2.16132099939483e-06,1.1,2.33887708928181e-06,"339","1073999","1",NA,NA,NA,NA,NA,NA,NA
NA,NA,"Pseudomonadota","Gammaproteobacteria","Enterobacterales","Enterobacteriaceae","Cronobacter","Cronobacter dublinensis",1,2.16132099939483e-06,2.4,5.16009280913393e-06,"320","413497","1",NA,NA,NA,NA,NA,NA,NA
NA,NA,"Pseudomonadota","Gammaproteobacteria","Enterobacterales","Enterobacteriaceae","Shigella","Shigella sonnei",1,2.16132099939483e-06,1.2,2.54974906507778e-06,"352","624","1",NA,NA,NA,NA,NA,NA,NA
NA,NA,"Pseudomonadota","Gammaproteobacteria","Lysobacterales","Lysobacteraceae","Arenimonas","Arenimonas daejeonensis",1,2.16132099939483e-06,0.3,6.84065871201899e-07,"302","370777","1",NA,NA,NA,NA,NA,NA,NA
NA,NA,"Pseudomonadota","Gammaproteobacteria","Lysobacterales","Lysobacteraceae","Arenimonas","Arenimonas malthae",1,2.16132099939483e-06,0.3,6.84065871201899e-07,"299","354197","1",NA,NA,NA,NA,NA,NA,NA
NA,NA,"Pseudomonadota","Gammaproteobacteria","Lysobacterales","Lysobacteraceae","Pseudoxanthomonas","Pseudoxanthomonas koreensis",1,2.16132099939483e-06,0.3,6.84065871201899e-07,"361","266061","1",NA,NA,NA,NA,NA,NA,NA
NA,NA,"Pseudomonadota","Gammaproteobacteria","Methylococcales","Methylococcaceae","Methylobacter","Methylobacter marinus",1,2.16132099939483e-06,1,2.15987836724851e-06,"288","34058","1",NA,NA,NA,NA,NA,NA,NA
NA,NA,"Pseudomonadota","Gammaproteobacteria","Moraxellales","Moraxellaceae","Acinetobacter","Acinetobacter qingfengensis",1,2.16132099939483e-06,1,2.16174200151081e-06,"356","1262585","1",NA,NA,NA,NA,NA,NA,NA
NA,NA,"Pseudomonadota","Gammaproteobacteria","Pseudomonadales","Pseudomonadaceae","Geopseudomonas","Geopseudomonas guangdongensis",1,2.16132099939483e-06,1.9,4.14416142221734e-06,"355","1245526","1",NA,NA,NA,NA,NA,NA,NA
NA,NA,"Pseudomonadota","Gammaproteobacteria","Pseudomonadales","Pseudomonadaceae","Metapseudomonas","Metapseudomonas otitidis",1,2.16132099939483e-06,1.3,2.85568379078917e-06,"298","319939","1",NA,NA,NA,NA,NA,NA,NA
NA,NA,"Pseudomonadota","Gammaproteobacteria","Pseudomonadales","Pseudomonadaceae","Pseudomonas","Pseudomonas oryzae",1,2.16132099939483e-06,1,2.22187612342779e-06,"369","1392877","1",NA,NA,NA,NA,NA,NA,NA
NA,NA,"Verrucomicrobiota","Spartobacteria","Chthoniobacterales","Chthoniobacteraceae","Chthoniobacter","Chthoniobacter flavus",1,2.16132099939483e-06,1,2.16173682583535e-06,"345","497964","1",NA,NA,NA,NA,NA,NA,NA
