"TaxonomyID","superkingdom","phylum","class","order","family","genus","species"
28037,"Bacteria","Bacillota","Bacilli","Lactobacillales","Streptococcaceae","Streptococcus","Streptococcus mitis"
1304,"Bacteria","Bacillota","Bacilli","Lactobacillales","Streptococcaceae","Streptococcus","Streptococcus salivarius"
488,"Bacteria","Pseudomonadota","Betaproteobacteria","Neisseriales","Neisseriaceae","Neisseria","Neisseria mucosa"
547045,"Bacteria","Pseudomonadota","Betaproteobacteria","Neisseriales","Neisseriaceae","Neisseria","Neisseria sicca"
553174,"Bacteria","Bacteroidota","Bacteroidia","Bacteroidales","Prevotellaceae","Prevotella","Prevotella melaninogenica"
483,"Bacteria","Pseudomonadota","Betaproteobacteria","Neisseriales","Neisseriaceae","Neisseria","Neisseria cinerea"
29466,"Bacteria","Bacillota","Negativicutes","Veillonellales","Veillonellaceae","Veillonella","Veillonella parvula"
1303,"Bacteria","Bacillota","Bacilli","Lactobacillales","Streptococcaceae","Streptococcus","Streptococcus oralis"
2707003,"Bacteria","Bacillota","Bacilli","Lactobacillales","Streptococcaceae","Streptococcus","Streptococcus chosunense"
1305,"Bacteria","Bacillota","Bacilli","Lactobacillales","Streptococcaceae","Streptococcus","Streptococcus sanguinis"
760570,"Bacteria","Bacillota","Bacilli","Lactobacillales","Streptococcaceae","Streptococcus","Streptococcus parasanguinis"
888828,"Bacteria","Pseudomonadota","Gammaproteobacteria","Pasteurellales","Pasteurellaceae","Haemophilus","Haemophilus parainfluenzae"
137732,"Bacteria","Bacillota","Bacilli","Lactobacillales","Carnobacteriaceae","Granulicatella","Granulicatella elegans"
257758,"Bacteria","Bacillota","Bacilli","Lactobacillales","Streptococcaceae","Streptococcus","Streptococcus pseudopneumoniae"
1328,"Bacteria","Bacillota","Bacilli","Lactobacillales","Streptococcaceae","Streptococcus","Streptococcus anginosus"
735,"Bacteria","Pseudomonadota","Gammaproteobacteria","Pasteurellales","Pasteurellaceae","Haemophilus","Haemophilus parahaemolyticus"
762948,"Bacteria","Actinomycetota","Actinomycetes","Micrococcales","Micrococcaceae","Rothia","Rothia dentocariosa"
43675,"Bacteria","Actinomycetota","Actinomycetes","Micrococcales","Micrococcaceae","Rothia","Rothia mucilaginosa"
39777,"Bacteria","Bacillota","Negativicutes","Veillonellales","Veillonellaceae","Veillonella","Veillonella atypica"
484,"Bacteria","Pseudomonadota","Betaproteobacteria","Neisseriales","Neisseriaceae","Neisseria","Neisseria flavescens"
76860,"Bacteria","Bacillota","Bacilli","Lactobacillales","Streptococcaceae","Streptococcus","Streptococcus constellatus"
45634,"Bacteria","Bacillota","Bacilli","Lactobacillales","Streptococcaceae","Streptococcus","Streptococcus cristatus"
521095,"Bacteria","Actinomycetota","Coriobacteriia","Coriobacteriales","Atopobiaceae","Lancefieldella","Lancefieldella parvula"
1583331,"Bacteria","Bacteroidota","Bacteroidia","Bacteroidales","Porphyromonadaceae","Porphyromonas","Porphyromonas pasteri"
90367,"Bacteria","Pseudomonadota","Betaproteobacteria","Neisseriales","Neisseriaceae","Neisseria","Neisseria elongata"
887901,"Bacteria","Bacteroidota","Bacteroidia","Bacteroidales","Porphyromonadaceae","Porphyromonas","Porphyromonas catoniae"
736,"Bacteria","Pseudomonadota","Gammaproteobacteria","Pasteurellales","Pasteurellaceae","Haemophilus","Haemophilus paraphrohaemolyticus"
1302,"Bacteria","Bacillota","Bacilli","Lactobacillales","Streptococcaceae","Streptococcus","Streptococcus gordonii"
505,"Bacteria","Pseudomonadota","Betaproteobacteria","Neisseriales","Neisseriaceae","Kingella","Kingella oralis"
1379,"Bacteria","Bacillota","Bacilli","Bacillales","Gemellaceae","Gemella","Gemella haemolysans"
39778,"Bacteria","Bacillota","Negativicutes","Veillonellales","Veillonellaceae","Veillonella","Veillonella dispar"
102148,"Bacteria","Bacillota","Erysipelotrichia","Erysipelotrichales","Erysipelotrichaceae","Solobacterium","Solobacterium moorei"
997353,"Bacteria","Bacteroidota","Bacteroidia","Bacteroidales","Prevotellaceae","Prevotella","Prevotella pallens"
684066,"Bacteria","Bacillota","Bacilli","Lactobacillales","Streptococcaceae","Streptococcus","Streptococcus lactarius"
33053,"Bacteria","Pseudomonadota","Betaproteobacteria","Neisseriales","Neisseriaceae","Neisseria","Neisseria perflava"
727,"Bacteria","Pseudomonadota","Gammaproteobacteria","Pasteurellales","Pasteurellaceae","Haemophilus","Haemophilus influenzae"
2382163,"Bacteria","Bacillota","Bacilli","Lactobacillales","Streptococcaceae","Streptococcus","Streptococcus koreensis"
1383,"Bacteria","Actinomycetota","Coriobacteriia","Coriobacteriales","Atopobiaceae","Lancefieldella","Lancefieldella rimae"
889204,"Bacteria","Bacillota","Bacilli","Lactobacillales","Streptococcaceae","Streptococcus","Streptococcus infantis"
29391,"Bacteria","Bacillota","Bacilli","Bacillales","Gemellaceae","Gemella","Gemella morbillorum"
1017,"Bacteria","Bacteroidota","Flavobacteriia","Flavobacteriales","Flavobacteriaceae","Capnocytophaga","Capnocytophaga gingivalis"
1313,"Bacteria","Bacillota","Bacilli","Lactobacillales","Streptococcaceae","Streptococcus","Streptococcus pneumoniae"
203,"Bacteria","Campylobacterota","Epsilonproteobacteria","Campylobacterales","Campylobacteraceae","Campylobacter","Campylobacter rectus"
158,"Bacteria","Spirochaetota","Spirochaetia","Spirochaetales","Treponemataceae","Treponema","Treponema denticola"
341694,"Bacteria","Bacillota","Clostridia","Peptostreptococcales","Peptostreptococcaceae","Peptostreptococcus","Peptostreptococcus stomatis"
419208,"Bacteria","Bacillota","Negativicutes","Veillonellales","Veillonellaceae","Veillonella","Veillonella denticariosi"
157691,"Bacteria","Fusobacteriota","Fusobacteriia","Fusobacteriales","Leptotrichiaceae","Leptotrichia","Leptotrichia shahii"
887325,"Bacteria","Bacillota","Clostridia","Lachnospirales","Lachnospiraceae","Lachnoanaerobaculum","Lachnoanaerobaculum saburreum"
539,"Bacteria","Pseudomonadota","Betaproteobacteria","Neisseriales","Neisseriaceae","Eikenella","Eikenella corrodens"
46124,"Bacteria","Bacillota","Bacilli","Lactobacillales","Carnobacteriaceae","Granulicatella","Granulicatella adiacens"
113107,"Bacteria","Bacillota","Bacilli","Lactobacillales","Streptococcaceae","Streptococcus","Streptococcus australis"
47671,"Bacteria","Pseudomonadota","Betaproteobacteria","Burkholderiales","Burkholderiaceae","Lautropia","Lautropia mirabilis"
1081736,"Bacteria","Bacillota","Bacilli","Bacillales","Listeriaceae","Listeria","Listeria fleischmannii"
1177574,"Bacteria","Bacteroidota","Bacteroidia","Bacteroidales","Prevotellaceae","Prevotella","Prevotella jejuni"
1110546,"Bacteria","Bacillota","Negativicutes","Veillonellales","Veillonellaceae","Veillonella","Veillonella tobetsuensis"
33033,"Bacteria","Bacillota","Tissierellia","Tissierellales","Peptoniphilaceae","Parvimonas","Parvimonas micra"
1349415,"Bacteria","Bacillota","Bacilli","Lactobacillales","Streptococcaceae","Streptococcus","Streptococcus loxodontisalivarius"
1911679,"Bacteria","Bacillota","Negativicutes","Veillonellales","Veillonellaceae","Veillonella","Veillonella infantium"
2490633,"Bacteria","Bacillota","Bacilli","Lactobacillales","Streptococcaceae","Streptococcus","Streptococcus periodonticum"
1282,"Bacteria","Bacillota","Bacilli","Bacillales","Staphylococcaceae","Staphylococcus","Staphylococcus epidermidis"
1747,"Bacteria","Actinomycetota","Actinomycetes","Propionibacteriales","Propionibacteriaceae","Cutibacterium","Cutibacterium acnes"
29380,"Bacteria","Bacillota","Bacilli","Bacillales","Staphylococcaceae","Staphylococcus","Staphylococcus caprae"
1260,"Bacteria","Bacillota","Tissierellia","Tissierellales","Peptoniphilaceae","Finegoldia","Finegoldia magna"
1955013,"Bacteria","Bacillota","Bacilli","Bacillales","Staphylococcaceae","Staphylococcus","Staphylococcus edaphicus"
342451,"Bacteria","Bacillota","Bacilli","Bacillales","Staphylococcaceae","Staphylococcus","Staphylococcus saprophyticus"
1270,"Bacteria","Actinomycetota","Actinomycetes","Micrococcales","Micrococcaceae","Micrococcus","Micrococcus luteus"
1161098,"Bacteria","Bacillota","Tissierellia","Tissierellales","Peptoniphilaceae","Anaerococcus","Anaerococcus octavius"
1673725,"Bacteria","Bacillota","Tissierellia","Tissierellales","Peptoniphilaceae","Peptoniphilus","Peptoniphilus lacydonensis"
1122992,"Bacteria","Bacteroidota","Bacteroidia","Bacteroidales","Prevotellaceae","Hoylesella","Hoylesella timonensis"
38304,"Bacteria","Actinomycetota","Actinomycetes","Mycobacteriales","Corynebacteriaceae","Corynebacterium","Corynebacterium tuberculostearicum"
1290,"Bacteria","Bacillota","Bacilli","Bacillales","Staphylococcaceae","Staphylococcus","Staphylococcus hominis"
1160719,"Bacteria","Actinomycetota","Actinomycetes","Propionibacteriales","Propionibacteriaceae","Cutibacterium","Cutibacterium granulosum"
65151,"Bacteria","Pseudomonadota","Alphaproteobacteria","Rhodobacterales","Paracoccaceae","Paracoccus","Paracoccus carotinifaciens"
94138,"Bacteria","Bacillota","Bacilli","Bacillales","Staphylococcaceae","Staphylococcus","Staphylococcus ureilyticus"
655812,"Bacteria","Bacillota","Bacilli","Lactobacillales","Aerococcaceae","Aerococcus","Aerococcus viridans"
655813,"Bacteria","Bacillota","Bacilli","Lactobacillales","Streptococcaceae","Streptococcus","Streptococcus oralis"
38284,"Bacteria","Actinomycetota","Actinomycetes","Mycobacteriales","Corynebacteriaceae","Corynebacterium","Corynebacterium accolens"
1848973,"Bacteria","Pseudomonadota","Alphaproteobacteria","Sphingomonadales","Sphingomonadaceae","Sphingomonas","Sphingomonas colocasiae"
888807,"Bacteria","Bacillota","Bacilli","Lactobacillales","Streptococcaceae","Streptococcus","Streptococcus sanguinis"
147802,"Bacteria","Bacillota","Bacilli","Lactobacillales","Lactobacillaceae","Lactobacillus","Lactobacillus iners"
180400,"Bacteria","Pseudomonadota","Alphaproteobacteria","Sphingomonadales","Sphingomonadaceae","Sphingopyxis","Sphingopyxis chilensis"
316,"Bacteria","Pseudomonadota","Gammaproteobacteria","Pseudomonadales","Pseudomonadaceae","Stutzerimonas","Stutzerimonas stutzeri"
1129374,"Bacteria","Pseudomonadota","Gammaproteobacteria","Alteromonadales","Alteromonadaceae","Alishewanella","Alishewanella jeotgali"
28035,"Bacteria","Bacillota","Bacilli","Bacillales","Staphylococcaceae","Staphylococcus","Staphylococcus lugdunensis"
128785,"Bacteria","Pseudomonadota","Gammaproteobacteria","Lysobacterales","Lysobacteraceae","Pseudoxanthomonas","Pseudoxanthomonas mexicana"
29388,"Bacteria","Bacillota","Bacilli","Bacillales","Staphylococcaceae","Staphylococcus","Staphylococcus capitis"
1283,"Bacteria","Bacillota","Bacilli","Bacillales","Staphylococcaceae","Staphylococcus","Staphylococcus haemolyticus"
856736,"Bacteria","Deinococcota","Deinococci","Deinococcales","Deinococcaceae","Deinococcus","Deinococcus reticulitermitis"
1292030,"Bacteria","Pseudomonadota","Gammaproteobacteria","Pseudomonadales","Pseudomonadaceae","Pseudomonas","Pseudomonas taiwanensis"
574650,"Bacteria","Actinomycetota","Actinomycetes","Micrococcales","Micrococcaceae","Micrococcus","Micrococcus terreus"
589010,"Bacteria","Bacillota","Bacilli","Bacillales","Staphylococcaceae","Jeotgalicoccus","Jeotgalicoccus huakuii"
1308,"Bacteria","Bacillota","Bacilli","Lactobacillales","Streptococcaceae","Streptococcus","Streptococcus thermophilus"
860,"Bacteria","Fusobacteriota","Fusobacteriia","Fusobacteriales","Fusobacteriaceae","Fusobacterium","Fusobacterium periodonticum"
1232429,"Bacteria","Actinomycetota","Actinomycetes","Micrococcales","Micrococcaceae","Nesterenkonia","Nesterenkonia massiliensis"
1049583,"Bacteria","Actinomycetota","Actinomycetes","Micrococcales","Micrococcaceae","Kocuria","Kocuria indica"
1518501,"Bacteria","Pseudomonadota","Alphaproteobacteria","Hyphomicrobiales","Nitrobacteraceae","Bradyrhizobium","Bradyrhizobium valentinum"
37930,"Bacteria","Actinomycetota","Actinomycetes","Micrococcales","Micrococcaceae","Glutamicibacter","Glutamicibacter protophormiae"
45972,"Bacteria","Bacillota","Bacilli","Bacillales","Staphylococcaceae","Staphylococcus","Staphylococcus pasteuri"
86171,"Bacteria","Actinomycetota","Actinomycetes","Micrococcales","Micrococcaceae","Micrococcus","Micrococcus antarcticus"
134533,"Bacteria","Pseudomonadota","Gammaproteobacteria","Moraxellales","Moraxellaceae","Acinetobacter","Acinetobacter parvus"
53972,"Bacteria","Actinomycetota","Actinomycetes","Mycobacteriales","Nocardiaceae","Rhodococcoides","Rhodococcoides corynebacterioides"
1177117,"Bacteria","Pseudomonadota","Gammaproteobacteria","Oceanospirillales","Halomonadaceae","Vreelandella","Vreelandella stevensii"
502829,"Bacteria","Pseudomonadota","Gammaproteobacteria","Oceanospirillales","Halomonadaceae","Vreelandella","Vreelandella hamiltonii"
47886,"Bacteria","Pseudomonadota","Gammaproteobacteria","Pseudomonadales","Pseudomonadaceae","Pseudomonas","Pseudomonas luteola"
273677,"Bacteria","Actinomycetota","Actinomycetes","Micrococcales","Microbacteriaceae","Microbacterium","Microbacterium oleivorans"
1750,"Bacteria","Actinomycetota","Actinomycetes","Propionibacteriales","Propionibacteriaceae","Arachnia","Arachnia propionica"
827,"Bacteria","Campylobacterota","Epsilonproteobacteria","Campylobacterales","Campylobacteraceae","Campylobacter","Campylobacter ureolyticus"
40214,"Bacteria","Pseudomonadota","Gammaproteobacteria","Moraxellales","Moraxellaceae","Acinetobacter","Acinetobacter johnsonii"
416568,"Bacteria","Actinomycetota","Actinomycetes","Propionibacteriales","Nocardioidaceae","Aeromicrobium","Aeromicrobium flavum"
489910,"Bacteria","Bacillota","Bacilli","Bacillales","Staphylococcaceae","Nosocomiicoccus","Nosocomiicoccus ampullae"
1288484,"Bacteria","Deinococcota","Deinococci","Deinococcales","Deinococcaceae","Deinococcus","Deinococcus wulumuqiensis"
544580,"Bacteria","Actinomycetota","Actinomycetes","Actinomycetales","Actinomycetaceae","Actinomyces","Actinomyces oris"
592307,"Bacteria","Actinomycetota","Actinomycetes","Micrococcales","Micrococcaceae","Citricoccus","Citricoccus parietis"
2016499,"Bacteria","Actinomycetota","Actinomycetes","Propionibacteriales","Propionibacteriaceae","Enemella","Enemella evansiae"
470934,"Bacteria","Pseudomonadota","Gammaproteobacteria","Enterobacterales","Erwiniaceae","Pantoea","Pantoea vagans"
472705,"Bacteria","Pseudomonadota","Gammaproteobacteria","Enterobacterales","Erwiniaceae","Pantoea","Pantoea conspicua"
566027,"Bacteria","Actinomycetota","Actinomycetes","Micrococcales","Micrococcaceae","Micrococcus","Micrococcus yunnanensis"
472694,"Bacteria","Pseudomonadota","Gammaproteobacteria","Enterobacterales","Erwiniaceae","Pantoea","Pantoea brenneri"
470931,"Bacteria","Pseudomonadota","Gammaproteobacteria","Enterobacterales","Erwiniaceae","Pantoea","Pantoea anthophila"
83332,"Bacteria","Actinomycetota","Actinomycetes","Mycobacteriales","Mycobacteriaceae","Mycobacterium","Mycobacterium tuberculosis"
586733,"Bacteria","Bacillota","Bacilli","Bacillales","Staphylococcaceae","Staphylococcus","Staphylococcus devriesei"
243690,"Bacteria","Pseudomonadota","Alphaproteobacteria","Hyphomicrobiales","Methylobacteriaceae","Methylobacterium","Methylobacterium goesingense"
2039284,"Bacteria","Bacillota","Bacilli","Bacillales","Bacillaceae","Bacillus","Bacillus fungorum"
257454,"Bacteria","Actinomycetota","Actinomycetes","Micrococcales","Micrococcaceae","Paeniglutamicibacter","Paeniglutamicibacter psychrophenolicus"
1215114,"Bacteria","Pseudomonadota","Gammaproteobacteria","Pseudomonadales","Pseudomonadaceae","Pseudomonas","Pseudomonas parafulva"
34062,"Bacteria","Pseudomonadota","Gammaproteobacteria","Moraxellales","Moraxellaceae","Moraxella","Moraxella osloensis"
439375,"Bacteria","Pseudomonadota","Alphaproteobacteria","Hyphomicrobiales","Brucellaceae","Brucella","Brucella anthropi"
202954,"Bacteria","Pseudomonadota","Gammaproteobacteria","Moraxellales","Moraxellaceae","Acinetobacter","Acinetobacter tandoii"
525640,"Bacteria","Pseudomonadota","Alphaproteobacteria","Rhodobacterales","Paracoccaceae","Paracoccus","Paracoccus chinensis"
1033736,"Bacteria","Actinomycetota","Actinomycetes","Micrococcales","Brevibacteriaceae","Brevibacterium","Brevibacterium senegalense"
1141882,"Bacteria","Pseudomonadota","Gammaproteobacteria","Lysobacterales","Lysobacteraceae","Lysobacter","Lysobacter mobilis"
1461025,"Bacteria","Actinomycetota","Actinomycetes","Micrococcales","Micrococcaceae","Kocuria","Kocuria coralli"
482957,"Bacteria","Pseudomonadota","Betaproteobacteria","Burkholderiales","Burkholderiaceae","Burkholderia","Burkholderia lata"
1615494,"Bacteria","Pseudomonadota","Gammaproteobacteria","Enterobacterales","Erwiniaceae","Mixta","Mixta intestinalis"
1777866,"Bacteria","Pseudomonadota","Alphaproteobacteria","Hyphomicrobiales","Phyllobacteriaceae","Mesorhizobium","Mesorhizobium erdmanii"
1890302,"Bacteria","Bacillota","Bacilli","Bacillales","Bacillaceae","Bacillus","Bacillus wiedmannii"
1715645,"Bacteria","Pseudomonadota","Alphaproteobacteria","Rhodobacterales","Paracoccaceae","Paracoccus","Paracoccus mangrovi"
1785162,"Bacteria","Pseudomonadota","Gammaproteobacteria","Pseudomonadales","Pseudomonadaceae","Pseudomonas","Pseudomonas reidholzensis"
2026192,"Bacteria","Bacillota","Bacilli","Bacillales","Bacillaceae","Bacillus","Bacillus proteolyticus"
2006110,"Bacteria","Pseudomonadota","Gammaproteobacteria","Lysobacterales","Lysobacteraceae","Luteimonas","Luteimonas chenhongjianii"
1945662,"Bacteria","Pseudomonadota","Alphaproteobacteria","Rhodobacterales","Paracoccaceae","Paracoccus","Paracoccus contaminans"
1903056,"Bacteria","Bacillota","Bacilli","Bacillales","Staphylococcaceae","Macrococcoides","Macrococcoides bohemicum"
1902580,"Bacteria","Bacillota","Bacilli","Bacillales","Staphylococcaceae","Macrococcus","Macrococcus epidermidis"
1891097,"Bacteria","Bacillota","Bacilli","Bacillales","Staphylococcaceae","Macrococcoides","Macrococcoides goetzii"
214482,"Bacteria","Pseudomonadota","Betaproteobacteria","Neisseriales","Neisseriaceae","Neisseria","Neisseria elongata"
29394,"Bacteria","Bacillota","Bacilli","Lactobacillales","Carnobacteriaceae","Dolosigranulum","Dolosigranulum pigrum"
889201,"Bacteria","Bacillota","Bacilli","Lactobacillales","Streptococcaceae","Streptococcus","Streptococcus cristatus"
478,"Bacteria","Pseudomonadota","Gammaproteobacteria","Moraxellales","Moraxellaceae","Moraxella","Moraxella nonliquefaciens"
237576,"Bacteria","Bacillota","Clostridia","Lachnospirales","Lachnospiraceae","Oribacterium","Oribacterium sinus"
228604,"Bacteria","Bacteroidota","Bacteroidia","Bacteroidales","Prevotellaceae","Segatella","Segatella salivae"
425941,"Bacteria","Bacteroidota","Bacteroidia","Bacteroidales","Prevotellaceae","Hoylesella","Hoylesella nanceiensis"
393480,"Bacteria","Fusobacteriota","Fusobacteriia","Fusobacteriales","Fusobacteriaceae","Fusobacterium","Fusobacterium polymorphum"
470565,"Bacteria","Bacteroidota","Bacteroidia","Bacteroidales","Prevotellaceae","Prevotella","Prevotella histicola"
1338,"Bacteria","Bacillota","Bacilli","Lactobacillales","Streptococcaceae","Streptococcus","Streptococcus intermedius"
28119,"Bacteria","Bacteroidota","Bacteroidia","Bacteroidales","Bacteroidaceae","Bacteroides","Bacteroides zoogleoformans"
1346,"Bacteria","Bacillota","Bacilli","Lactobacillales","Streptococcaceae","Streptococcus","Streptococcus iniae"
859,"Bacteria","Fusobacteriota","Fusobacteriia","Fusobacteriales","Fusobacteriaceae","Fusobacterium","Fusobacterium necrophorum"
840,"Bacteria","Bacteroidota","Bacteroidia","Bacteroidales","Prevotellaceae","Hoylesella","Hoylesella loescheii"
796942,"Bacteria","Bacillota","Clostridia","Lachnospirales","Lachnospiraceae","Stomatobaculum","Stomatobaculum longum"
796943,"Bacteria","Bacillota","Clostridia","Lachnospirales","Lachnospiraceae","Oribacterium","Oribacterium parvum"
46125,"Bacteria","Bacillota","Bacilli","Lactobacillales","Aerococcaceae","Abiotrophia","Abiotrophia defectiva"
40542,"Bacteria","Fusobacteriota","Fusobacteriia","Fusobacteriales","Leptotrichiaceae","Leptotrichia","Leptotrichia buccalis"
1660,"Bacteria","Actinomycetota","Actinomycetes","Actinomycetales","Actinomycetaceae","Schaalia","Schaalia odontolytica"
1162717,"Bacteria","Fusobacteriota","Fusobacteriia","Fusobacteriales","Leptotrichiaceae","Pseudostreptobacillus","Pseudostreptobacillus hongkongensis"
2490855,"Bacteria","Bacillota","Clostridia","Lachnospirales","Lachnospiraceae","Lachnoanaerobaculum","Lachnoanaerobaculum gingivalis"
1280,"Bacteria","Bacillota","Bacilli","Bacillales","Staphylococcaceae","Staphylococcus","Staphylococcus aureus"
53463,"Bacteria","Pseudomonadota","Alphaproteobacteria","Rhodobacterales","Paracoccaceae","Paracoccus","Paracoccus solventivorans"
596085,"Bacteria","Bacteroidota","Bacteroidia","Bacteroidales","Prevotellaceae","Prevotella","Prevotella aurantiaca"
164759,"Bacteria","Pseudomonadota","Betaproteobacteria","Burkholderiales","Comamonadaceae","Diaphorobacter","Diaphorobacter nitroreducens"
47885,"Bacteria","Pseudomonadota","Gammaproteobacteria","Pseudomonadales","Pseudomonadaceae","Pseudomonas","Pseudomonas oryzihabitans"
29378,"Bacteria","Bacillota","Bacilli","Bacillales","Staphylococcaceae","Staphylococcus","Staphylococcus arlettae"
1177982,"Bacteria","Pseudomonadota","Betaproteobacteria","Burkholderiales","Comamonadaceae","Paracidovorax","Paracidovorax wautersii"
57706,"Bacteria","Pseudomonadota","Gammaproteobacteria","Enterobacterales","Enterobacteriaceae","Citrobacter","Citrobacter braakii"
67829,"Bacteria","Pseudomonadota","Gammaproteobacteria","Enterobacterales","Enterobacteriaceae","Citrobacter","Citrobacter murliniae"
67828,"Bacteria","Pseudomonadota","Gammaproteobacteria","Enterobacterales","Enterobacteriaceae","Citrobacter","Citrobacter gillenii"
1117955,"Bacteria","Pseudomonadota","Gammaproteobacteria","Pseudomonadales","Pseudomonadaceae","Pseudomonas","Pseudomonas extremaustralis"
80866,"Bacteria","Pseudomonadota","Betaproteobacteria","Burkholderiales","Comamonadaceae","Delftia","Delftia acidovorans"
33028,"Bacteria","Bacillota","Bacilli","Bacillales","Staphylococcaceae","Staphylococcus","Staphylococcus saccharolyticus"
644,"Bacteria","Pseudomonadota","Gammaproteobacteria","Aeromonadales","Aeromonadaceae","Aeromonas","Aeromonas hydrophila"
28130,"Bacteria","Bacteroidota","Bacteroidia","Bacteroidales","Prevotellaceae","Prevotella","Prevotella disiens"
40215,"Bacteria","Pseudomonadota","Gammaproteobacteria","Moraxellales","Moraxellaceae","Acinetobacter","Acinetobacter junii"
1574624,"Bacteria","Actinomycetota","Actinomycetes","Propionibacteriales","Propionibacteriaceae","Cutibacterium","Cutibacterium namnetense"
2495579,"Bacteria","Pseudomonadota","Betaproteobacteria","Burkholderiales","Oxalobacteraceae","Massilia","Massilia atriviolacea"
2654252,"Bacteria","Pseudomonadota","Betaproteobacteria","Burkholderiales","Oxalobacteraceae","Janthinobacterium","Janthinobacterium violaceinigrum"
2751477,"Bacteria","Pseudomonadota","Betaproteobacteria","Burkholderiales","Oxalobacteraceae","Janthinobacterium","Janthinobacterium aquaticum"
65735,"Bacteria","Pseudomonadota","Alphaproteobacteria","Rhodobacterales","Paracoccaceae","Paracoccus","Paracoccus alkenifer"
1351,"Bacteria","Bacillota","Bacilli","Lactobacillales","Enterococcaceae","Enterococcus","Enterococcus faecalis"
29536,"Bacteria","Bacteroidota","Flavobacteriia","Flavobacteriales","Flavobacteriaceae","Flavobacterium","Flavobacterium succinicans"
298708,"Bacteria","Pseudomonadota","Alphaproteobacteria","Sphingomonadales","Sphingomonadaceae","Sphingomonas","Sphingomonas kaistensis"
28125,"Bacteria","Bacteroidota","Bacteroidia","Bacteroidales","Prevotellaceae","Prevotella","Prevotella bivia"
219301,"Bacteria","Actinomycetota","Actinomycetes","Micrococcales","Dermabacteraceae","Brachybacterium","Brachybacterium muris"
243924,"Bacteria","Pseudomonadota","Gammaproteobacteria","Pseudomonadales","Pseudomonadaceae","Pseudomonas","Pseudomonas lutea"
152480,"Bacteria","Pseudomonadota","Betaproteobacteria","Burkholderiales","Burkholderiaceae","Burkholderia","Burkholderia ambifaria"
1404245,"Bacteria","Actinomycetota","Actinomycetes","Mycobacteriales","Corynebacteriaceae","Corynebacterium","Corynebacterium glyciniphilum"
96563,"Bacteria","Pseudomonadota","Gammaproteobacteria","Pseudomonadales","Pseudomonadaceae","Stutzerimonas","Stutzerimonas stutzeri"
1433513,"Bacteria","Bacillota","Bacilli","Lactobacillales","Streptococcaceae","Streptococcus","Streptococcus gwangjuense"
305719,"Bacteria","Bacteroidota","Bacteroidia","Bacteroidales","Prevotellaceae","Segatella","Segatella baroniae"
76859,"Bacteria","Fusobacteriota","Fusobacteriia","Fusobacteriales","Fusobacteriaceae","Fusobacterium","Fusobacterium animalis"
1765,"Bacteria","Actinomycetota","Actinomycetes","Mycobacteriales","Mycobacteriaceae","Mycobacterium","Mycobacterium tuberculosis"
28129,"Bacteria","Bacteroidota","Bacteroidia","Bacteroidales","Prevotellaceae","Prevotella","Prevotella denticola"
28136,"Bacteria","Bacteroidota","Bacteroidia","Bacteroidales","Prevotellaceae","Segatella","Segatella oulorum"
157687,"Bacteria","Fusobacteriota","Fusobacteriia","Fusobacteriales","Leptotrichiaceae","Leptotrichia","Leptotrichia wadei"
28135,"Bacteria","Bacteroidota","Bacteroidia","Bacteroidales","Prevotellaceae","Segatella","Segatella oris"
979627,"Bacteria","Bacillota","Clostridia","Lachnospirales","Lachnospiraceae","Lachnoanaerobaculum","Lachnoanaerobaculum orale"
546271,"Bacteria","Bacillota","Negativicutes","Selenomonadales","Selenomonadaceae","Selenomonas","Selenomonas sputigena"
28137,"Bacteria","Bacteroidota","Bacteroidia","Bacteroidales","Prevotellaceae","Prevotella","Prevotella veroralis"
104955,"Bacteria","Bacillota","Bacilli","Lactobacillales","Lactobacillaceae","Limosilactobacillus","Limosilactobacillus frumenti"
1204719,"Bacteria","Bacteroidota","Bacteroidia","Bacteroidales","Bacteroidaceae","Phocaeicola","Phocaeicola abscessus"
837,"Bacteria","Bacteroidota","Bacteroidia","Bacteroidales","Porphyromonadaceae","Porphyromonas","Porphyromonas gingivalis"
190304,"Bacteria","Fusobacteriota","Fusobacteriia","Fusobacteriales","Fusobacteriaceae","Fusobacterium","Fusobacterium nucleatum"
218538,"Bacteria","Bacillota","Negativicutes","Veillonellales","Veillonellaceae","Dialister","Dialister invisus"
888743,"Bacteria","Bacteroidota","Bacteroidia","Bacteroidales","Prevotellaceae","Prevotella","Prevotella multiformis"
1584,"Bacteria","Bacillota","Bacilli","Lactobacillales","Lactobacillaceae","Lactobacillus","Lactobacillus delbrueckii"
157688,"Bacteria","Fusobacteriota","Fusobacteriia","Fusobacteriales","Leptotrichiaceae","Leptotrichia","Leptotrichia hofstadii"
1358,"Bacteria","Bacillota","Bacilli","Lactobacillales","Streptococcaceae","Lactococcus","Lactococcus lactis"
617123,"Bacteria","Bacillota","Clostridia","Lachnospirales","Lachnospiraceae","Lachnoanaerobaculum","Lachnoanaerobaculum umeaense"
209882,"Bacteria","Fusobacteriota","Fusobacteriia","Fusobacteriales","Fusobacteriaceae","Fusobacterium","Fusobacterium vincentii"
200,"Bacteria","Campylobacterota","Epsilonproteobacteria","Campylobacterales","Campylobacteraceae","Campylobacter","Campylobacter curvus"
1309,"Bacteria","Bacillota","Bacilli","Lactobacillales","Streptococcaceae","Streptococcus","Streptococcus mutans"
324831,"Bacteria","Bacillota","Bacilli","Lactobacillales","Lactobacillaceae","Lactobacillus","Lactobacillus gasseri"
1236517,"Bacteria","Bacteroidota","Bacteroidia","Bacteroidales","Prevotellaceae","Prevotella","Prevotella fusca"
1236518,"Bacteria","Bacteroidota","Bacteroidia","Bacteroidales","Prevotellaceae","Prevotella","Prevotella scopos"
1349416,"Bacteria","Bacillota","Bacilli","Lactobacillales","Streptococcaceae","Streptococcus","Streptococcus saliviloxodontae"
1776381,"Bacteria","Actinomycetota","Coriobacteriia","Coriobacteriales","Coriobacteriaceae","Olegusella","Olegusella massiliensis"
40543,"Bacteria","Fusobacteriota","Fusobacteriia","Fusobacteriales","Leptotrichiaceae","Sneathia","Sneathia sanguinegens"
884684,"Bacteria","Bacillota","Clostridia","Eubacteriales","Oscillospiraceae","Mageeibacillus","Mageeibacillus indolicus"
651822,"Bacteria","Synergistota","Synergistia","Synergistales","Aminobacteriaceae","Fretibacterium","Fretibacterium fastidiosum"
1624,"Bacteria","Bacillota","Bacilli","Lactobacillales","Lactobacillaceae","Ligilactobacillus","Ligilactobacillus salivarius"
135082,"Bacteria","Bacillota","Negativicutes","Selenomonadales","Selenomonadaceae","Selenomonas","Selenomonas infelix"
97478,"Bacteria","Bacillota","Bacilli","Lactobacillales","Lactobacillaceae","Limosilactobacillus","Limosilactobacillus mucosae"
507751,"Bacteria","Bacillota","Tissierellia","Tissierellales","Peptoniphilaceae","Peptoniphilus","Peptoniphilus koenoeneniae"
53419,"Bacteria","Spirochaetota","Spirochaetia","Spirochaetales","Treponemataceae","Treponema","Treponema socranskii"
199,"Bacteria","Campylobacterota","Epsilonproteobacteria","Campylobacterales","Campylobacteraceae","Campylobacter","Campylobacter concisus"
84163,"Bacteria","Actinomycetota","Coriobacteriia","Eggerthellales","Eggerthellaceae","Cryptobacterium","Cryptobacterium curtum"
1384509,"Bacteria","Fusobacteriota","Fusobacteriia","Fusobacteriales","Leptotrichiaceae","Streptobacillus","Streptobacillus felis"
90241,"Bacteria","Pseudomonadota","Gammaproteobacteria","Moraxellales","Moraxellaceae","Moraxella","Moraxella lincolnii"
470453,"Bacteria","Pseudomonadota","Gammaproteobacteria","Moraxellales","Moraxellaceae","Moraxella","Moraxella pluranimalium"
201829,"Bacteria","Bacillota","Bacilli","Bacillales","Staphylococcaceae","Staphylococcus","Staphylococcus equorum"
573983,"Bacteria","Pseudomonadota","Gammaproteobacteria","Moraxellales","Moraxellaceae","Moraxella","Moraxella porci"
28131,"Bacteria","Bacteroidota","Bacteroidia","Bacteroidales","Prevotellaceae","Prevotella","Prevotella intermedia"
1522312,"Bacteria","Pseudomonadota","Betaproteobacteria","Neisseriales","Neisseriaceae","Kingella","Kingella negevensis"
715,"Bacteria","Pseudomonadota","Gammaproteobacteria","Pasteurellales","Pasteurellaceae","Actinobacillus","Actinobacillus pleuropneumoniae"
888746,"Bacteria","Bacillota","Bacilli","Lactobacillales","Streptococcaceae","Streptococcus","Streptococcus peroris"
1806,"Bacteria","Actinomycetota","Actinomycetes","Mycobacteriales","Mycobacteriaceae","Mycobacterium","Mycobacterium tuberculosis"
55565,"Bacteria","Actinomycetota","Actinomycetes","Actinomycetales","Actinomycetaceae","Actinomyces","Actinomyces graevenitzii"
187326,"Bacteria","Bacillota","Negativicutes","Veillonellales","Veillonellaceae","Megasphaera","Megasphaera micronuciformis"
103892,"Bacteria","Bacillota","Negativicutes","Veillonellales","Veillonellaceae","Veillonella","Veillonella ratti"
197614,"Bacteria","Bacillota","Bacilli","Lactobacillales","Streptococcaceae","Streptococcus","Streptococcus pasteurianus"
423477,"Bacteria","Bacillota","Negativicutes","Veillonellales","Veillonellaceae","Veillonella","Veillonella rogosae"
1502943,"Bacteria","Bacillota","Negativicutes","Veillonellales","Veillonellaceae","Veillonella","Veillonella seminalis"
2039,"Bacteria","Actinomycetota","Actinomycetes","Micrococcales","Tropherymataceae","Tropheryma","Tropheryma whipplei"
37637,"Bacteria","Actinomycetota","Actinomycetes","Mycobacteriales","Corynebacteriaceae","Corynebacterium","Corynebacterium pseudodiphtheriticum"
70258,"Bacteria","Bacillota","Bacilli","Bacillales","Staphylococcaceae","Staphylococcus","Staphylococcus piscifermentans"
42858,"Bacteria","Bacillota","Bacilli","Bacillales","Staphylococcaceae","Mammaliicoccus","Mammaliicoccus lentus"
673954,"Bacteria","Actinomycetota","Actinomycetes","Micrococcales","Intrasporangiaceae","Arsenicicoccus","Arsenicicoccus piscis"
981326,"Bacteria","Pseudomonadota","Gammaproteobacteria","Moraxellales","Moraxellaceae","Acinetobacter","Acinetobacter pittii"
620903,"Bacteria","Bacillota","Negativicutes","Veillonellales","Veillonellaceae","Negativicoccus","Negativicoccus succinicivorans"
573,"Bacteria","Pseudomonadota","Gammaproteobacteria","Enterobacterales","Enterobacteriaceae","Klebsiella","Klebsiella pneumoniae"
170573,"Bacteria","Bacillota","Bacilli","Bacillales","Staphylococcaceae","Staphylococcus","Staphylococcus pettenkoferi"
340145,"Bacteria","Bacillota","Bacilli","Bacillales",NA,"Exiguobacterium","Exiguobacterium artemiae"
1324766,"Bacteria","Actinomycetota","Actinomycetes","Micrococcales","Micrococcaceae","Rothia","Rothia endophytica"
76848,"Bacteria","Pseudomonadota","Alphaproteobacteria","Sphingomonadales","Sphingomonadaceae","Sphingomonas","Sphingomonas roseiflava"
1745712,"Bacteria","Bacillota","Tissierellia","Tissierellales","Peptoniphilaceae","Anaerococcus","Anaerococcus urinomassiliensis"
1607738,"Bacteria","Bacillota","Bacilli","Bacillales","Staphylococcaceae","Staphylococcus","Staphylococcus argensis"
60133,"Bacteria","Bacteroidota","Bacteroidia","Bacteroidales","Prevotellaceae","Prevotella","Prevotella pallens"
889206,"Bacteria","Bacillota","Bacilli","Lactobacillales","Streptococcaceae","Streptococcus","Streptococcus vestibularis"
1461577,"Bacteria","Bacteroidota","Flavobacteriia","Flavobacteriales","Weeksellaceae","Weeksella","Weeksella massiliensis"
979970,"Bacteria","Bacteroidota","Bacteroidia","Bacteroidales","Rikenellaceae","Acetobacteroides","Acetobacteroides hydrogenigenes"
1541063,"Bacteria","Bacteroidota","Bacteroidia","Marinilabiliales","Prolixibacteraceae","Prolixibacter","Prolixibacter denitrificans"
52603,"Bacteria","Pseudomonadota","Alphaproteobacteria","Rhodobacterales","Roseobacteraceae","Sagittula","Sagittula stellata"
28133,"Bacteria","Bacteroidota","Bacteroidia","Bacteroidales","Prevotellaceae","Prevotella","Prevotella nigrescens"
35804,"Bacteria","Pseudomonadota","Alphaproteobacteria","Rhodobacterales","Paracoccaceae","Rhodovulum","Rhodovulum adriaticum"
208216,"Bacteria","Pseudomonadota","Alphaproteobacteria","Parvularculales","Parvularculaceae","Parvularcula","Parvularcula bermudensis"
1014,"Bacteria","Bacteroidota","Flavobacteriia","Flavobacteriales","Weeksellaceae","Weeksella","Weeksella virosa"
36820,"Bacteria","Actinomycetota","Actinomycetes","Mycobacteriales","Gordoniaceae","Gordonia","Gordonia aichiensis"
364296,"Bacteria","Pseudomonadota","Alphaproteobacteria","Hyphomicrobiales","Rhodobiaceae","Rhodobium","Rhodobium gokarnense"
161153,"Bacteria","Actinomycetota","Actinomycetes","Mycobacteriales","Gordoniaceae","Gordonia","Gordonia sinesedis"
1776382,"Bacteria","Bacillota","Clostridia","Eubacteriales","Oscillospiraceae","Neglectibacter","Neglectibacter timonensis"
35806,"Bacteria","Pseudomonadota","Alphaproteobacteria","Rhodobacterales","Paracoccaceae","Rhodovulum","Rhodovulum sulfidophilum"
144023,"Bacteria","Pseudomonadota","Alphaproteobacteria","Maricaulales","Maricaulaceae","Maricaulis","Maricaulis parjimensis"
144022,"Bacteria","Pseudomonadota","Alphaproteobacteria","Maricaulales","Maricaulaceae","Maricaulis","Maricaulis virginensis"
449673,"Bacteria","Bacteroidota","Bacteroidia","Bacteroidales","Bacteroidaceae","Bacteroides","Bacteroides stercoris"
873533,"Bacteria","Bacteroidota","Bacteroidia","Bacteroidales","Prevotellaceae","Hoylesella","Hoylesella oralis"
943940,"Bacteria","Pseudomonadota","Alphaproteobacteria","Rhodobacterales","Roseobacteraceae","Sagittula","Sagittula marina"
74318,"Bacteria","Pseudomonadota","Alphaproteobacteria","Maricaulales","Maricaulaceae","Maricaulis","Maricaulis maris"
821,"Bacteria","Bacteroidota","Bacteroidia","Bacteroidales","Bacteroidaceae","Phocaeicola","Phocaeicola vulgatus"
376805,"Bacteria","Bacteroidota","Bacteroidia","Bacteroidales","Bacteroidaceae","Phocaeicola","Phocaeicola salanitronis"
559625,"Bacteria","Actinomycetota","Actinomycetes","Mycobacteriales","Gordoniaceae","Gordonia","Gordonia cholesterolivorans"
290053,"Bacteria","Bacteroidota","Bacteroidia","Bacteroidales","Bacteroidaceae","Bacteroides","Bacteroides helcogenes"
1122973,"Bacteria","Bacteroidota","Bacteroidia","Bacteroidales","Porphyromonadaceae","Porphyromonas","Porphyromonas levii"
76122,"Bacteria","Bacteroidota","Bacteroidia","Bacteroidales","Prevotellaceae","Alloprevotella","Alloprevotella tannerae"
228603,"Bacteria","Bacteroidota","Bacteroidia","Bacteroidales","Prevotellaceae","Hoylesella","Hoylesella shahii"
671218,"Bacteria","Bacteroidota","Bacteroidia","Bacteroidales","Prevotellaceae","Alloprevotella","Alloprevotella rava"
1036020,"Bacteria","Actinomycetota","Actinomycetes","Propionibacteriales","Nocardioidaceae","Nocardioides","Nocardioides soli"
1590614,"Bacteria","Pseudomonadota","Alphaproteobacteria","Rhodobacterales","Roseobacteraceae","Actibacterium","Actibacterium ureilyticum"
1121927,"Bacteria","Actinomycetota","Actinomycetes","Mycobacteriales","Gordoniaceae","Gordonia","Gordonia hirsuta"
84135,"Bacteria","Bacillota","Bacilli","Bacillales","Gemellaceae","Gemella","Gemella sanguinis"
68291,"Bacteria","Pseudomonadota","Alphaproteobacteria","Rhodobacterales","Paracoccaceae","Rhodovulum","Rhodovulum iodosum"
888727,"Bacteria","Bacillota","Clostridia","Eubacteriales","Eubacteriales Family XIII. Incertae Sedis",NA,"[Eubacterium] sulci"
144026,"Bacteria","Pseudomonadota","Alphaproteobacteria","Maricaulales","Maricaulaceae","Maricaulis","Maricaulis salignorans"
34017,"Bacteria","Pseudomonadota","Alphaproteobacteria","Hyphomicrobiales","Rhodobiaceae","Rhodobium","Rhodobium orientis"
28124,"Bacteria","Bacteroidota","Bacteroidia","Bacteroidales","Porphyromonadaceae","Porphyromonas","Porphyromonas endodontalis"
908615,"Bacteria","Bacteroidota","Flavobacteriia","Flavobacteriales","Flavobacteriaceae","Psychroflexus","Psychroflexus halocasei"
888745,"Bacteria","Bacillota","Bacilli","Lactobacillales","Streptococcaceae","Streptococcus","Streptococcus agalactiae"
323273,"Bacteria","Bacteroidota","Flavobacteriia","Flavobacteriales","Flavobacteriaceae","Nonlabens","Nonlabens tegetincola"
314319,"Bacteria","Bacteroidota","Bacteroidia","Marinilabiliales","Prolixibacteraceae","Prolixibacter","Prolixibacter bellariivorans"
324925,"Bacteria","Chlorobiota","Chlorobiia","Chlorobiales","Chlorobiaceae","Pelodictyon","Pelodictyon phaeoclathratiforme"
817,"Bacteria","Bacteroidota","Bacteroidia","Bacteroidales","Bacteroidaceae","Bacteroides","Bacteroides fragilis"
38312,"Bacteria","Actinomycetota","Actinomycetes","Mycobacteriales","Nocardiaceae","Rhodococcus","Rhodococcus rhodnii"
28116,"Bacteria","Bacteroidota","Bacteroidia","Bacteroidales","Bacteroidaceae","Bacteroides","Bacteroides ovatus"
1769291,"Bacteria","Fusobacteriota","Fusobacteriia","Fusobacteriales","Leptotrichiaceae","Oceanivirga","Oceanivirga salmonicida"
364297,"Bacteria","Pseudomonadota","Alphaproteobacteria","Rhodobacterales","Paracoccaceae","Rhodovulum","Rhodovulum visakhapatnamense"
657309,"Bacteria","Bacteroidota","Bacteroidia","Bacteroidales","Bacteroidaceae","Bacteroides","Bacteroides xylanisolvens"
422297,"Bacteria","Pseudomonadota","Alphaproteobacteria","Rhodobacterales","Roseobacteraceae","Ponticoccus","Ponticoccus litoralis"
454155,"Bacteria","Bacteroidota","Bacteroidia","Bacteroidales","Prevotellaceae","Paraprevotella","Paraprevotella xylaniphila"
189723,"Bacteria","Bacteroidota","Bacteroidia","Bacteroidales","Prevotellaceae","Prevotella","Prevotella micans"
655355,"Bacteria","Bacteroidota","Bacteroidia","Marinilabiliales","Prolixibacteraceae","Sunxiuqinia","Sunxiuqinia elliptica"
860790,"Bacteria","Balneolota","Balneolia","Balneolales","Balneolaceae","Fodinibius","Fodinibius salinus"
708091,"Bacteria","Bacteroidota","Flavobacteriia","Flavobacteriales","Flavobacteriaceae","Christiangramia","Gramella jeungdoensis"
752179,"Bacteria","Pseudomonadota","Alphaproteobacteria","Rickettsiales","Rickettsiaceae","Occidentia","Occidentia massiliensis"
540254,"Bacteria","Pseudomonadota","Alphaproteobacteria","Rhodobacterales","Paracoccaceae","Rhodovulum","Rhodovulum tesquicola"
570521,"Bacteria","Bacteroidota","Flavobacteriia","Flavobacteriales","Flavobacteriaceae","Aquimarina","Aquimarina spongiae"
43774,"Bacteria","Thermodesulfobacteriota","Syntrophia","Syntrophales","Syntrophaceae","Syntrophus","Syntrophus buswellii"
264148,"Bacteria","Actinomycetota","Actinomycetes","Mycobacteriales","Gordoniaceae","Millisia","Millisia brevis"
320662,"Bacteria","Pseudomonadota","Alphaproteobacteria","Rhodobacterales","Paracoccaceae","Rhodovulum","Rhodovulum marinum"
119224,"Bacteria","Bacillota","Bacilli","Lactobacillales","Streptococcaceae","Streptococcus","Streptococcus phocae"
576610,"Bacteria","Pseudomonadota","Betaproteobacteria","Burkholderiales","Burkholderiaceae","Polynucleobacter","Polynucleobacter necessarius"
290512,"Bacteria","Chlorobiota","Chlorobiia","Chlorobiales","Chlorobiaceae","Prosthecochloris","Prosthecochloris aestuarii"
313596,"Bacteria","Bacteroidota","Flavobacteriia","Flavobacteriales","Flavobacteriaceae","Robiginitalea","Robiginitalea biformata"
319225,"Bacteria","Chlorobiota","Chlorobiia","Chlorobiales","Chlorobiaceae","Pelodictyon","Pelodictyon luteolum"
1194090,"Bacteria","Balneolota","Balneolia","Balneolales","Balneolaceae","Fodinibius","Fodinibius roseus"
910939,"Bacteria","Bacillota","Bacilli","Lactobacillales","Streptococcaceae","Streptococcus","Streptococcus hongkongensis"
1155475,"Bacteria","Pseudomonadota","Alphaproteobacteria","Rhodobacterales","Paracoccaceae","Rhodovulum","Rhodovulum salis"
1162980,"Bacteria","Pseudomonadota","Alphaproteobacteria","Hyphomicrobiales","Cohaesibacteraceae","Cohaesibacter","Cohaesibacter haloalkalitolerans"
1406880,"Bacteria","Pseudomonadota","Alphaproteobacteria","Rhodobacterales","Paracoccaceae","Rhodovulum","Rhodovulum mangrovi"
1671555,"Bacteria","Pseudomonadota","Alphaproteobacteria","Rhodobacterales","Paracoccaceae","Rhodovulum","Rhodovulum aestuarii"
1735111,"Bacteria","Bacteroidota","Flavobacteriia","Flavobacteriales","Weeksellaceae","Bergeyella","Bergeyella porcorum"
1549647,"Bacteria","Bacteroidota","Flavobacteriia","Flavobacteriales","Flavobacteriaceae","Aequorivita","Aequorivita echinoideorum"
1812012,"Bacteria","Bacteroidota","Flavobacteriia","Flavobacteriales","Flavobacteriaceae","Oceanihabitans","Oceanihabitans sediminis"
1614693,"Bacteria","Pseudomonadota","Alphaproteobacteria","Rhodobacterales","Roseobacteraceae","Actibacterium","Actibacterium naphthalenivorans"
1854708,"Bacteria","Bacteroidota","Flavobacteriia","Flavobacteriales","Flavobacteriaceae","Maribacter","Maribacter arenosus"
1579424,"Bacteria","Bacillota","Bacilli","Lactobacillales","Streptococcaceae","Streptococcus","Streptococcus azizii"
1862387,"Bacteria","Bacteroidota","Flavobacteriia","Flavobacteriales","Flavobacteriaceae","Flavobacterium","Flavobacterium fluviatile"
480,"Bacteria","Pseudomonadota","Gammaproteobacteria","Moraxellales","Moraxellaceae","Moraxella","Moraxella catarrhalis"
45495,"Bacteria","Pseudomonadota","Gammaproteobacteria","Thiotrichales","Piscirickettsiaceae","Methylophaga","Methylophaga marina"
1773,"Bacteria","Actinomycetota","Actinomycetes","Mycobacteriales","Mycobacteriaceae","Mycobacterium","Mycobacterium tuberculosis"
40223,"Bacteria","Pseudomonadota","Gammaproteobacteria","Thiotrichales","Piscirickettsiaceae","Methylophaga","Methylophaga thalassica"
45496,"Bacteria","Pseudomonadota","Gammaproteobacteria","Thiotrichales","Piscirickettsiaceae","Methylophaga","Methylophaga sulfidovorans"
1236516,"Bacteria","Bacteroidota","Bacteroidia","Bacteroidales","Prevotellaceae","Hoylesella","Hoylesella saccharolytica"
149016,"Bacteria","Bacillota","Bacilli","Lactobacillales","Streptococcaceae","Streptococcus","Streptococcus urinalis"
34061,"Bacteria","Pseudomonadota","Gammaproteobacteria","Moraxellales","Moraxellaceae","Moraxella","Moraxella cuniculi"
888057,"Bacteria","Pseudomonadota","Gammaproteobacteria","Pasteurellales","Pasteurellaceae","Aggregatibacter","Aggregatibacter segnis"
35814,"Bacteria","Pseudomonadota","Betaproteobacteria","Burkholderiales","Alcaligenaceae","Bordetella","Bordetella holmesii"
310514,"Bacteria","Bacteroidota","Bacteroidia","Bacteroidales","Prevotellaceae","Hallella","Hallella multisaccharivorax"
888728,"Bacteria","Pseudomonadota","Gammaproteobacteria","Pasteurellales","Pasteurellaceae","Haemophilus","Haemophilus aegyptius"
248315,"Bacteria","Bacillota","Negativicutes","Veillonellales","Veillonellaceae","Veillonella","Veillonella rodentium"
726,"Bacteria","Pseudomonadota","Gammaproteobacteria","Pasteurellales","Pasteurellaceae","Haemophilus","Haemophilus haemolyticus"
487,"Bacteria","Pseudomonadota","Betaproteobacteria","Neisseriales","Neisseriaceae","Neisseria","Neisseria meningitidis"
743974,"Bacteria","Pseudomonadota","Gammaproteobacteria","Moraxellales","Moraxellaceae","Moraxella","Moraxella bovoculi"
908937,"Bacteria","Bacteroidota","Bacteroidia","Bacteroidales","Prevotellaceae","Prevotella","Prevotella dentalis"
2708117,"Bacteria","Bacteroidota","Flavobacteriia","Flavobacteriales","Flavobacteriaceae","Capnocytophaga","Capnocytophaga endodontalis"
43769,"Bacteria","Actinomycetota","Actinomycetes","Mycobacteriales","Corynebacteriaceae","Corynebacterium","Corynebacterium propinquum"
1377,"Bacteria","Bacillota","Bacilli","Lactobacillales","Aerococcaceae","Aerococcus","Aerococcus viridans"
74703,"Bacteria","Bacillota","Bacilli","Bacillales","Staphylococcaceae","Staphylococcus","Staphylococcus capitis"
476,"Bacteria","Pseudomonadota","Gammaproteobacteria","Moraxellales","Moraxellaceae","Moraxella","Moraxella bovis"
34060,"Bacteria","Pseudomonadota","Gammaproteobacteria","Moraxellales","Moraxellaceae","Moraxella","Moraxella caviae"
1817405,"Bacteria","Bacillota","Bacilli","Bacillales","Abyssicoccaceae","Abyssicoccus","Abyssicoccus albus"
2055,"Bacteria","Actinomycetota","Actinomycetes","Mycobacteriales","Gordoniaceae","Gordonia","Gordonia terrae"
59310,"Bacteria","Bacillota","Bacilli","Lactobacillales","Streptococcaceae","Streptococcus","Streptococcus macedonicus"
279262,"Bacteria","Actinomycetota","Actinomycetes","Mycobacteriales","Nocardiaceae","Nocardia","Nocardia mexicana"
1000570,"Bacteria","Bacillota","Bacilli","Lactobacillales","Streptococcaceae","Streptococcus","Streptococcus anginosus"
1641,"Bacteria","Bacillota","Bacilli","Bacillales","Listeriaceae","Listeria","Listeria grayi"
1056982,"Bacteria","Actinomycetota","Actinomycetes","Mycobacteriales","Gordoniaceae","Gordonia","Gordonia phosphorivorans"
1234680,"Bacteria","Bacillota","Bacilli","Lactobacillales","Streptococcaceae","Streptococcus","Streptococcus rubneri"
51048,"Bacteria","Pseudomonadota","Gammaproteobacteria","Pasteurellales","Pasteurellaceae","Actinobacillus","Actinobacillus porcinus"
45979,"Bacteria","Actinomycetota","Actinomycetes","Mycobacteriales","Nocardiaceae","Nocardia","Nocardia pseudobrasiliensis"
53428,"Bacteria","Actinomycetota","Actinomycetes","Mycobacteriales","Nocardiaceae","Nocardia","Nocardia crassostreae"
36821,"Bacteria","Actinomycetota","Actinomycetes","Mycobacteriales","Gordoniaceae","Gordonia","Gordonia amarae"
84136,"Bacteria","Bacillota","Bacilli","Bacillales","Gemellaceae","Gemella","Gemella bergeri"
168480,"Bacteria","Actinomycetota","Actinomycetes","Mycobacteriales","Gordoniaceae","Gordonia","Gordonia namibiensis"
82995,"Bacteria","Pseudomonadota","Gammaproteobacteria","Enterobacterales","Yersiniaceae","Serratia","Serratia grimesii"
709509,"Bacteria","Bacillota","Bacilli","Bacillales","Staphylococcaceae","Jeotgalicoccus","Jeotgalicoccus coquinae"
1604721,"Bacteria","Bacillota","Bacilli","Bacillales","Paenibacillaceae","Paenibacillus","Paenibacillus rhizoryzae"
135083,"Bacteria","Bacillota","Negativicutes","Selenomonadales","Selenomonadaceae","Selenomonas","Selenomonas noxia"
1179787,"Bacteria","Bacillota","Bacilli","Bacillales","Gemellaceae","Gemella","Gemella taiwanensis"
730,"Bacteria","Pseudomonadota","Gammaproteobacteria","Pasteurellales","Pasteurellaceae","Haemophilus","[Haemophilus] ducreyi"
347534,"Bacteria","Pseudomonadota","Gammaproteobacteria","Aeromonadales","Aeromonadaceae","Zobellella","Zobellella denitrificans"
141679,"Bacteria","Pseudomonadota","Gammaproteobacteria","Enterobacterales","Morganellaceae","Photorhabdus","Photorhabdus laumondii"
667128,"Bacteria","Pseudomonadota","Gammaproteobacteria","Pasteurellales","Pasteurellaceae","Pasteurella","Pasteurella dagmatis"
760,"Bacteria","Pseudomonadota","Gammaproteobacteria","Pasteurellales","Pasteurellaceae","Pasteurella","Pasteurella stomatis"
157339,"Bacteria","Pseudomonadota","Gammaproteobacteria","Pasteurellales","Pasteurellaceae","Actinobacillus","Actinobacillus arthritidis"
296995,"Bacteria","Bacillota","Bacilli","Bacillales",NA,"Exiguobacterium","Exiguobacterium indicum"
556,"Bacteria","Pseudomonadota","Gammaproteobacteria","Enterobacterales","Pectobacteriaceae","Dickeya","Dickeya chrysanthemi"
1537679,"Bacteria","Pseudomonadota","Gammaproteobacteria","Alteromonadales","Alteromonadaceae","Pseudobowmanella","Pseudobowmanella zhangzhouensis"
1917441,"Bacteria","Bacillota","Bacilli","Lactobacillales","Streptococcaceae","Streptococcus","Streptococcus ruminantium"
1499973,"Bacteria","Pseudomonadota","Gammaproteobacteria","Enterobacterales","Enterobacteriaceae","Escherichia","Escherichia marmotae"
85993,"Bacteria","Pseudomonadota","Hydrogenophilia","Hydrogenophilales","Hydrogenophilaceae","Hydrogenophilus","Hydrogenophilus hirschii"
47883,"Bacteria","Pseudomonadota","Gammaproteobacteria","Pseudomonadales","Pseudomonadaceae","Pseudomonas","Pseudomonas synxantha"
1458253,"Bacteria","Bacillota","Bacilli","Lactobacillales","Streptococcaceae","Streptococcus","Streptococcus oralis"
857417,"Bacteria","Actinomycetota","Actinomycetes","Micrococcales","Intrasporangiaceae","Janibacter","Janibacter indicus"
1210046,"Bacteria","Actinomycetota","Actinomycetes","Micrococcales","Intrasporangiaceae","Janibacter","Janibacter hoylei"
1583,"Bacteria","Bacillota","Bacilli","Lactobacillales","Lactobacillaceae","Weissella","Weissella confusa"
1224164,"Bacteria","Actinomycetota","Actinomycetes","Mycobacteriales","Corynebacteriaceae","Corynebacterium","Corynebacterium vitaeruminis"
1194168,"Bacteria","Pseudomonadota","Betaproteobacteria","Burkholderiales","Comamonadaceae","Comamonas","Comamonas jiangduensis"
59803,"Bacteria","Pseudomonadota","Alphaproteobacteria","Sphingomonadales","Sphingomonadaceae","Sphingomonas","Sphingomonas echinoides"
648,"Bacteria","Pseudomonadota","Gammaproteobacteria","Aeromonadales","Aeromonadaceae","Aeromonas","Aeromonas caviae"
362649,"Bacteria","Actinomycetota","Actinomycetes","Micrococcales","Microbacteriaceae","Microbacterium","Microbacterium thalassium"
69370,"Bacteria","Actinomycetota","Actinomycetes","Micrococcales","Microbacteriaceae","Microbacterium","Microbacterium trichothecenolyticum"
381630,"Bacteria","Pseudomonadota","Alphaproteobacteria","Hyphomicrobiales","Methylobacteriaceae","Methylobacterium","Methylobacterium jeotgali"
459816,"Bacteria","Actinomycetota","Actinomycetes","Micrococcales","Microbacteriaceae","Microbacterium","Microbacterium aquimaris"
859830,"Bacteria","Actinomycetota","Actinomycetes","Micrococcales","Microbacteriaceae","Microbacterium","Microbacterium assamensis"
150832,"Bacteria","Actinomycetota","Actinomycetes","Micrococcales","Micrococcaceae","Nesterenkonia","Nesterenkonia lacusekhoensis"
570505,"Bacteria","Pseudomonadota","Alphaproteobacteria","Hyphomicrobiales","Methylobacteriaceae","Methylobacterium","Methylobacterium bullatum"
1265312,"Bacteria","Actinomycetota","Actinomycetes","Mycobacteriales","Mycobacteriaceae","Mycolicibacterium","Mycolicibacterium neoaurum"
410,"Bacteria","Pseudomonadota","Alphaproteobacteria","Hyphomicrobiales","Methylobacteriaceae","Methylobacterium","Methylobacterium organophilum"
38290,"Bacteria","Actinomycetota","Actinomycetes","Mycobacteriales","Corynebacteriaceae","Corynebacterium","Corynebacterium macginleyi"
1003091,"Bacteria","Pseudomonadota","Alphaproteobacteria","Hyphomicrobiales","Methylobacteriaceae","Methylobacterium","Methylobacterium thuringiense"
1355329,"Bacteria","Pseudomonadota","Alphaproteobacteria","Sphingomonadales","Sphingomonadaceae","Sphingomonas","Sphingomonas lacus"
1749037,"Bacteria","Actinomycetota","Actinomycetes","Micrococcales","Microbacteriaceae","Microbacterium","Microbacterium zeae"
2488750,"Bacteria","Pseudomonadota","Alphaproteobacteria","Hyphomicrobiales","Methylobacteriaceae","Methylobacterium","Methylobacterium segetis"
204,"Bacteria","Campylobacterota","Epsilonproteobacteria","Campylobacterales","Campylobacteraceae","Campylobacter","Campylobacter showae"
143361,"Bacteria","Bacillota","Clostridia","Peptostreptococcales","Filifactoraceae","Filifactor","Filifactor alocis"
186116,"Bacteria","Bacillota","Bacilli","Bacillales","Bacillaceae","Parageobacillus","Parageobacillus thermantarcticus"
172043,"Bacteria","Pseudomonadota","Alphaproteobacteria","Caulobacterales","Caulobacteraceae","Brevundimonas","Brevundimonas nasdae"
1123231,"Bacteria","Bacillota","Bacilli","Bacillales","Salinicoccaceae","Lacicoccus","Lacicoccus alkaliphilus"
1273,"Bacteria","Actinomycetota","Actinomycetes","Micrococcales","Micrococcaceae","Micrococcus","Micrococcus lylae"
489632,"Bacteria","Pseudomonadota","Gammaproteobacteria","Pseudomonadales","Pseudomonadaceae","Ectopseudomonas","Ectopseudomonas chengduensis"
207340,"Bacteria","Pseudomonadota","Alphaproteobacteria","Rhodospirillales","Acetobacteraceae","Roseomonas","Roseomonas mucosa"
558537,"Bacteria","Pseudomonadota","Betaproteobacteria","Burkholderiales","Comamonadaceae","Delftia","Delftia lacustris"
1359,"Bacteria","Bacillota","Bacilli","Lactobacillales","Streptococcaceae","Lactococcus","Lactococcus cremoris"
394751,"Bacteria","Pseudomonadota","Gammaproteobacteria","Alteromonadales","Pseudoalteromonadaceae","Pseudoalteromonas","Pseudoalteromonas arctica"
1528099,"Bacteria","Actinomycetota","Actinomycetes","Mycobacteriales","Lawsonellaceae","Lawsonella","Lawsonella clevelandensis"
1284,"Bacteria","Bacillota","Bacilli","Bacillales","Staphylococcaceae","Staphylococcus","Staphylococcus hyicus"
420404,"Bacteria","Bacteroidota","Flavobacteriia","Flavobacteriales","Weeksellaceae","Epilithonimonas","Epilithonimonas hominis"
1134687,"Bacteria","Pseudomonadota","Gammaproteobacteria","Enterobacterales","Enterobacteriaceae","Klebsiella","Klebsiella michiganensis"
1292,"Bacteria","Bacillota","Bacilli","Bacillales","Staphylococcaceae","Staphylococcus","Staphylococcus warneri"
284579,"Bacteria","Bacillota","Bacilli","Bacillales","Bacillaceae","Salibacterium","Salibacterium salarium"
1179782,"Bacteria","Bacillota","Bacilli","Bacillales","Gemellaceae","Gemella","Gemella parahaemolysans"
232444,"Bacteria","Actinomycetota","Actinomycetes","Micrococcales","Brevibacteriaceae","Brevibacterium","Brevibacterium sanguinis"
329,"Bacteria","Pseudomonadota","Betaproteobacteria","Burkholderiales","Burkholderiaceae","Ralstonia","Ralstonia pickettii"
336292,"Bacteria","Pseudomonadota","Alphaproteobacteria","Rhodobacterales","Paracoccaceae","Paracoccus","Paracoccus tibetensis"
269774,"Bacteria","Bacillota","Bacilli","Lactobacillales","Carnobacteriaceae","Atopococcus","Atopococcus tabaci"
2493633,"Bacteria","Pseudomonadota","Gammaproteobacteria","Pseudomonadales","Pseudomonadaceae","Ectopseudomonas","Ectopseudomonas hydrolytica"
254759,"Bacteria","Bacillota","Bacilli","Bacillales","Bacillaceae","Siminovitchia","Siminovitchia fordii"
33922,"Bacteria","Mycoplasmatota",NA,"Mycoplasmoidales","Metamycoplasmataceae","Mycoplasmopsis","Mycoplasmopsis agassizii"
71999,"Bacteria","Actinomycetota","Actinomycetes","Micrococcales","Micrococcaceae","Kocuria","Kocuria palustris"
72000,"Bacteria","Actinomycetota","Actinomycetes","Micrococcales","Micrococcaceae","Kocuria","Kocuria rhizophila"
76258,"Bacteria","Pseudomonadota","Gammaproteobacteria","Vibrionales","Vibrionaceae","Vibrio","Vibrio rumoiensis"
120370,"Bacteria","Bacillota","Bacilli","Lactobacillales","Enterococcaceae","Vagococcus","Vagococcus fessus"
212659,"Bacteria","Bacillota","Bacilli","Bacillales","Planococcaceae","Paenisporosarcina","Paenisporosarcina macmurdoensis"
214473,"Bacteria","Bacillota","Bacilli","Bacillales","Staphylococcaceae","Staphylococcus","Staphylococcus nepalensis"
1449339,"Bacteria","Bacillota","Bacilli","Lactobacillales","Carnobacteriaceae","Carnobacterium","Carnobacterium inhibens"
261934,"Bacteria","Pseudomonadota","Alphaproteobacteria","Hyphomicrobiales","Pleomorphomonadaceae","Pleomorphomonas","Pleomorphomonas oryzae"
2125,"Bacteria","Mycoplasmatota",NA,"Mycoplasmoidales","Metamycoplasmataceae","Metamycoplasma","Metamycoplasma sualvi"
298794,"Bacteria","Pseudomonadota","Alphaproteobacteria","Hyphomicrobiales","Methylobacteriaceae","Methylobacterium","Methylobacterium variabile"
340146,"Bacteria","Bacillota","Bacilli","Bacillales",NA,"Exiguobacterium","Exiguobacterium mexicanum"
868281,"Bacteria","Bacillota","Bacilli","Bacillales","Staphylococcaceae","Salinicoccus","Salinicoccus sesuvii"
41276,"Bacteria","Pseudomonadota","Alphaproteobacteria","Caulobacterales","Caulobacteraceae","Brevundimonas","Brevundimonas vesicularis"
35760,"Bacteria","Actinomycetota","Actinomycetes","Bifidobacteriales","Bifidobacteriaceae","Bifidobacterium","Bifidobacterium choerinum"
28025,"Bacteria","Actinomycetota","Actinomycetes","Bifidobacteriales","Bifidobacteriaceae","Bifidobacterium","Bifidobacterium animalis"
2750,"Bacteria","Bacillota","Bacilli","Lactobacillales","Carnobacteriaceae","Carnobacterium","Carnobacterium mobile"
237612,"Bacteria","Pseudomonadota","Alphaproteobacteria","Sphingomonadales","Sphingomonadaceae","Sphingomonas","Sphingomonas panni"
283816,"Bacteria","Bacillota","Bacilli","Bacillales","Bacillaceae","Metabacillus","Metabacillus herbersteinensis"
315478,"Bacteria","Pseudomonadota","Alphaproteobacteria","Hyphomicrobiales","Methylobacteriaceae","Methylobacterium","Methylobacterium isbiliense"
332950,"Bacteria","Bacillota","Bacilli","Lactobacillales","Enterococcaceae","Enterococcus","Enterococcus termitis"
334253,"Bacteria","Bacillota","Bacilli","Bacillales","Bacillaceae","Gracilibacillus","Gracilibacillus orientalis"
698758,"Bacteria","Bacillota","Bacilli","Bacillales","Bacillaceae","Amphibacillus","Amphibacillus xylanus"
13690,"Bacteria","Pseudomonadota","Alphaproteobacteria","Sphingomonadales","Sphingomonadaceae","Sphingobium","Sphingobium yanoikuyae"
44009,"Bacteria","Bacillota","Bacilli","Lactobacillales","Enterococcaceae","Enterococcus","Enterococcus dispar"
340097,"Bacteria","Bacillota","Bacilli","Bacillales","Sporolactobacillaceae","Tuberibacillus","Tuberibacillus calidus"
386490,"Bacteria","Bacillota","Bacilli","Bacillales","Bacillaceae","Terribacillus","Terribacillus goriensis"
327104,"Bacteria","Pseudomonadota","Alphaproteobacteria","Rhodobacterales","Paracoccaceae","Paracoccus","Paracoccus ferrooxidans"
288426,"Bacteria","Pseudomonadota","Alphaproteobacteria","Rhodobacterales","Paracoccaceae","Paracoccus","Paracoccus marinus"
485577,"Bacteria","Bacillota","Bacilli","Bacillales","Bacillaceae","Aquisalibacillus","Aquisalibacillus elongatus"
767787,"Bacteria","Bacillota","Bacilli","Bacillales","Bacillaceae","Amphibacillus","Amphibacillus cookii"
1255579,"Bacteria","Pseudomonadota","Gammaproteobacteria","Vibrionales","Vibrionaceae","Vibrio","Vibrio casei"
742054,"Bacteria","Bacillota","Bacilli","Bacillales","Paenibacillaceae","Paenibacillus","Paenibacillus sacheonensis"
479436,"Bacteria","Bacillota","Negativicutes","Veillonellales","Veillonellaceae","Veillonella","Veillonella parvula"
503361,"Bacteria","Bacteroidota","Flavobacteriia","Flavobacteriales","Flavobacteriaceae","Flavobacterium","Flavobacterium sasangense"
516700,"Bacteria","Bacillota","Bacilli","Bacillales","Staphylococcaceae","Jeotgalicoccus","Jeotgalicoccus marinus"
569860,"Bacteria","Pseudomonadota","Alphaproteobacteria","Hyphomicrobiales","Beijerinckiaceae","Methylovirgula","Methylovirgula ligni"
554310,"Bacteria","Bacillota","Bacilli","Bacillales","Paenibacillaceae","Paenibacillus","Paenibacillus wooponensis"
254784,"Bacteria","Bacillota","Bacilli","Lactobacillales","Carnobacteriaceae","Alkalibacterium","Alkalibacterium psychrotolerans"
483913,"Bacteria","Bacillota","Bacilli","Bacillales","Bacillaceae","Bacillus","Bacillus inaquosorum"
119858,"Bacteria","Bacillota","Bacilli","Bacillales","Bacillaceae","Bacillus","Bacillus sonorensis"
587738,"Bacteria","Pseudomonadota","Alphaproteobacteria","Sphingomonadales","Sphingomonadaceae","Sphingomonas","Sphingomonas hunanensis"
553311,"Bacteria","Bacillota","Bacilli","Bacillales","Bacillaceae","Virgibacillus","Virgibacillus salinus"
622664,"Bacteria","Actinomycetota","Actinomycetes","Micrococcales","Intrasporangiaceae","Ornithinibacter","Ornithinibacter aureus"
663580,"Bacteria","Actinomycetota","Actinomycetes","Micrococcales","Intrasporangiaceae","Phycicoccus","Phycicoccus ochangensis"
180295,"Bacteria","Bacillota","Bacilli","Lactobacillales","Carnobacteriaceae","Atopostipes","Atopostipes suicloacalis"
335972,"Bacteria","Pseudomonadota","Gammaproteobacteria","Vibrionales","Vibrionaceae","Vibrio","Vibrio litoralis"
330920,"Bacteria","Pseudomonadota","Alphaproteobacteria","Sphingomonadales","Sphingomonadaceae","Sphingomonas","Sphingomonas azotifigens"
1345,"Bacteria","Bacillota","Bacilli","Lactobacillales","Streptococcaceae","Streptococcus","Streptococcus ferus"
157228,"Bacteria","Bacillota","Bacilli","Bacillales","Staphylococcaceae","Jeotgalicoccus","Jeotgalicoccus psychrophilus"
147645,"Bacteria","Pseudomonadota","Alphaproteobacteria","Rhodobacterales","Paracoccaceae","Paracoccus","Paracoccus yeei"
148451,"Bacteria","Bacillota","Bacilli","Bacillales","Bacillaceae","Amphibacillus","Amphibacillus haojiensis"
39956,"Bacteria","Pseudomonadota","Alphaproteobacteria","Hyphomicrobiales","Methylobacteriaceae","Methylobacterium","Methylobacterium mesophilicum"
29385,"Bacteria","Bacillota","Bacilli","Bacillales","Staphylococcaceae","Staphylococcus","Staphylococcus saprophyticus"
624,"Bacteria","Pseudomonadota","Gammaproteobacteria","Enterobacterales","Enterobacteriaceae","Shigella","Shigella sonnei"
1245522,"Bacteria","Bacillota","Bacilli","Bacillales","Bacillaceae","Siminovitchia","Siminovitchia thermophila"
1274384,"Bacteria","Bacillota","Bacilli","Lactobacillales","Enterococcaceae","Enterococcus","Enterococcus alcedinis"
1166257,"Bacteria","Pseudomonadota","Alphaproteobacteria","Hyphomicrobiales","Pleomorphomonadaceae","Pleomorphomonas","Pleomorphomonas diazotrophica"
1187852,"Bacteria","Pseudomonadota","Alphaproteobacteria","Hyphomicrobiales","Methylobacteriaceae","Methylobacterium","Methylobacterium tarhaniae"
44250,"Bacteria","Bacillota","Bacilli","Bacillales","Paenibacillaceae","Paenibacillus","Paenibacillus alvei"
54914,"Bacteria","Bacillota","Bacilli","Bacillales","Paenibacillaceae","Brevibacillus","Brevibacillus parabrevis"
33987,"Bacteria","Bacillota","Bacilli","Bacillales",NA,"Exiguobacterium","Exiguobacterium aurantiacum"
54913,"Bacteria","Bacillota","Bacilli","Bacillales","Paenibacillaceae","Brevibacillus","Brevibacillus formosus"
34003,"Bacteria","Pseudomonadota","Alphaproteobacteria","Rhodobacterales","Paracoccaceae","Paracoccus","Paracoccus aminophilus"
71453,"Bacteria","Bacillota","Bacilli","Lactobacillales","Enterococcaceae","Tetragenococcus","Tetragenococcus solitarius"
1121864,"Bacteria","Bacillota","Bacilli","Lactobacillales","Enterococcaceae","Enterococcus","Enterococcus cecorum"
220687,"Bacteria","Bacillota","Bacilli","Bacillales","Bacillaceae","Neobacillus","Neobacillus novalis"
82367,"Bacteria","Pseudomonadota","Alphaproteobacteria","Rhodobacterales","Paracoccaceae","Paracoccus","Paracoccus pantotrophus"
120107,"Bacteria","Pseudomonadota","Alphaproteobacteria","Sphingomonadales","Sphingomonadaceae","Sphingobium","Sphingobium cloacae"
266,"Bacteria","Pseudomonadota","Alphaproteobacteria","Rhodobacterales","Paracoccaceae","Paracoccus","Paracoccus denitrificans"
309788,"Bacteria","Bacillota","Bacilli","Bacillales","Bacillaceae","Lysinibacillus","Lysinibacillus boronitolerans"
426703,"Bacteria","Bacillota","Bacilli","Lactobacillales","Carnobacteriaceae","Alkalibacterium","Alkalibacterium putridalgicola"
426704,"Bacteria","Bacillota","Bacilli","Lactobacillales","Carnobacteriaceae","Alkalibacterium","Alkalibacterium kapii"
1117704,"Bacteria","Bacillota","Bacilli","Bacillales","Bacillaceae","Geobacillus","Geobacillus subterraneus"
1365606,"Bacteria","Bacillota","Bacilli","Bacillales","Planococcaceae","Sporosarcina","Sporosarcina siberiensis"
1326968,"Bacteria","Bacillota","Bacilli","Bacillales","Bacillaceae","Bacillus","Bacillus australimaris"
1441723,"Bacteria","Bacillota","Bacilli","Bacillales","Planococcaceae","Chryseomicrobium","Chryseomicrobium aureum"
1230341,"Bacteria","Bacillota","Bacilli","Bacillales","Bacillaceae","Salimicrobium","Salimicrobium jeotgali"
1465486,"Bacteria","Pseudomonadota","Alphaproteobacteria","Rhodobacterales","Paracoccaceae","Frigidibacter","Frigidibacter albus"
1462527,"Bacteria","Bacillota","Bacilli","Bacillales","Bacillaceae","Oceanobacillus","Oceanobacillus jeddahense"
1448272,"Bacteria","Bacillota","Bacilli","Bacillales","Bacillaceae","Alteribacillus","Alteribacillus alkaliphilus"
1155944,"Bacteria","Bacillota","Bacilli","Bacillales","Thermoactinomycetaceae","Marininema","Marininema halotolerans"
1515736,"Bacteria","Bacillota","Bacilli","Bacillales","Thermoactinomycetaceae","Risungbinella","Risungbinella pyongyangensis"
1671480,"Bacteria","Pseudomonadota","Alphaproteobacteria","Rhodobacterales","Paracoccaceae","Paracoccus","Paracoccus angustae"
1665476,"Bacteria","Bacillota","Bacilli","Lactobacillales","Enterococcaceae","Enterococcus","Enterococcus bulliens"
2038277,"Bacteria","Pseudomonadota","Alphaproteobacteria","Hyphomicrobiales","Methylobacteriaceae","Methylobacterium","Methylobacterium frigidaeris"
1259676,"Bacteria","Pseudomonadota","Alphaproteobacteria","Sphingomonadales","Sphingomonadaceae","Sphingomonas","Sphingomonas psychrolutea"
2213194,"Bacteria","Bacillota","Bacilli","Bacillales","Bacillaceae","Paraliobacillus","Paraliobacillus zengyii"
2054424,"Bacteria","Bacillota","Bacilli","Bacillales","Paenibacillaceae","Paenibacillus","Paenibacillus shunpengii"
1578757,"Bacteria","Actinomycetota","Actinomycetes","Micrococcales","Micrococcaceae","Kocuria","Kocuria arsenatis"
1571208,"Bacteria","Pseudomonadota","Alphaproteobacteria","Rhodobacterales","Paracoccaceae","Paracoccus","Paracoccus speluncae"
1886787,"Bacteria","Pseudomonadota","Alphaproteobacteria","Sphingomonadales","Sphingomonadaceae","Sphingomonas","Sphingomonas olei"
72022,"Bacteria","Pseudomonadota","Alphaproteobacteria","Rhodobacterales","Paracoccaceae","Paracoccus","Paracoccus methylarcula"
39950,"Bacteria","Bacillota","Negativicutes","Veillonellales","Veillonellaceae","Dialister","Dialister pneumosintes"
52773,"Bacteria","Actinomycetota","Actinomycetes","Actinomycetales","Actinomycetaceae","Schaalia","Schaalia meyeri"
58231,"Bacteria","Spirochaetota","Spirochaetia","Spirochaetales","Treponemataceae","Treponema","Treponema medium"
671224,"Bacteria","Bacillota","Negativicutes","Selenomonadales","Selenomonadaceae","Selenomonas","Selenomonas artemidis"
119602,"Bacteria","Bacillota","Bacilli","Lactobacillales","Streptococcaceae","Streptococcus","Streptococcus dysgalactiae"
745776,"Bacteria","Deinococcota","Deinococci","Deinococcales","Deinococcaceae","Deinococcus","Deinococcus gobiensis"
410837,"Bacteria","Actinomycetota","Actinomycetes","Micrococcales","Micrococcaceae","Pseudarthrobacter","Pseudarthrobacter defluvii"
2734912,"Bacteria","Pseudomonadota","Alphaproteobacteria","Hyphomicrobiales","Nitrobacteraceae","Bradyrhizobium","Bradyrhizobium denitrificans"
202955,"Bacteria","Pseudomonadota","Gammaproteobacteria","Moraxellales","Moraxellaceae","Acinetobacter","Acinetobacter tjernbergiae"
977800,"Bacteria","Pseudomonadota","Alphaproteobacteria","Sphingomonadales","Sphingomonadaceae","Sphingomonas","Sphingomonas swuensis"
997355,"Bacteria","Actinomycetota","Actinomycetes","Propionibacteriales","Propionibacteriaceae","Cutibacterium","Cutibacterium avidum"
150122,"Bacteria","Actinomycetota","Actinomycetes","Micrococcales","Microbacteriaceae","Curtobacterium","Curtobacterium herbarum"
1245469,"Bacteria","Pseudomonadota","Alphaproteobacteria","Hyphomicrobiales","Nitrobacteraceae","Bradyrhizobium","Bradyrhizobium oligotrophicum"
321983,"Bacteria","Pseudomonadota","Betaproteobacteria","Burkholderiales","Oxalobacteraceae","Pseudoduganella","Pseudoduganella albidiflava"
321985,"Bacteria","Pseudomonadota","Betaproteobacteria","Burkholderiales","Oxalobacteraceae","Pseudoduganella","Pseudoduganella lutea"
215580,"Bacteria","Pseudomonadota","Betaproteobacteria","Burkholderiales","Sphaerotilaceae","Caldimonas","Caldimonas thermodepolymerans"
442526,"Bacteria","Pseudomonadota","Betaproteobacteria","Burkholderiales","Oxalobacteraceae","Massilia","Massilia brevitalea"
648895,"Bacteria","Pseudomonadota","Betaproteobacteria","Burkholderiales","Oxalobacteraceae","Massilia","Massilia suwonensis"
93063,"Bacteria","Pseudomonadota","Alphaproteobacteria","Sphingomonadales","Sphingomonadaceae","Sphingomonas","Sphingomonas aquatilis"
69373,"Bacteria","Actinomycetota","Actinomycetes","Micrococcales","Microbacteriaceae","Curtobacterium","Curtobacterium pusillum"
864828,"Bacteria","Pseudomonadota","Betaproteobacteria","Burkholderiales","Oxalobacteraceae","Pseudoduganella","Pseudoduganella umbonata"
1141883,"Bacteria","Pseudomonadota","Betaproteobacteria","Burkholderiales","Oxalobacteraceae","Massilia","Massilia putida"
2759957,"Bacteria","Cyanobacteriota","Cyanophyceae","Coleofasciculales","Wilmottiaceae","Wilmottia","Wilmottia koreana"
2045452,"Bacteria","Actinomycetota","Actinomycetes","Propionibacteriales","Nocardioidaceae","Nocardioides","Nocardioides houyundeii"
1915059,"Bacteria","Pseudomonadota","Betaproteobacteria","Burkholderiales","Comamonadaceae","Delftia","Delftia rhizosphaerae"
1035839,"Bacteria","Pseudomonadota","Gammaproteobacteria","Pasteurellales","Pasteurellaceae","Haemophilus","Haemophilus sputorum"
28127,"Bacteria","Bacteroidota","Bacteroidia","Bacteroidales","Prevotellaceae","Hoylesella","Hoylesella buccalis"
1702287,"Bacteria","Bacillota","Negativicutes","Veillonellales","Veillonellaceae","Negativicoccus","Negativicoccus massiliensis"
308994,"Bacteria","Bacillota","Negativicutes","Veillonellales","Veillonellaceae","Dialister","Dialister propionicifaciens"
755171,"Bacteria","Bacillota","Tissierellia","Tissierellales","Peptoniphilaceae","Peptoniphilus","Peptoniphilus tyrrelliae"
1118057,"Bacteria","Bacillota","Tissierellia","Tissierellales","Peptoniphilaceae","Peptoniphilus","Peptoniphilus grossensis"
1268254,"Bacteria","Bacillota","Tissierellia","Tissierellales","Peptoniphilaceae","Peptoniphilus","Peptoniphilus timonensis"
1720298,"Bacteria","Bacillota","Tissierellia","Tissierellales","Peptoniphilaceae","Peptoniphilus","Peptoniphilus phoceensis"
146021,"Bacteria","Actinomycetota","Actinomycetes","Mycobacteriales","Mycobacteriaceae","Mycolicibacterium","Mycolicibacterium houstonense"
1796,"Bacteria","Actinomycetota","Actinomycetes","Mycobacteriales","Mycobacteriaceae","Mycolicibacterium","Mycolicibacterium senegalense"
1802,"Bacteria","Actinomycetota","Actinomycetes","Mycobacteriales","Mycobacteriaceae","Mycolicibacterium","Mycolicibacterium farcinogenes"
451644,"Bacteria","Actinomycetota","Actinomycetes","Mycobacteriales","Mycobacteriaceae","Mycolicibacterium","Mycolicibacterium conceptionense"
440085,"Bacteria","Pseudomonadota","Alphaproteobacteria","Hyphomicrobiales","Methylobacteriaceae","Methylorubrum","Methylorubrum extorquens"
426355,"Bacteria","Pseudomonadota","Alphaproteobacteria","Hyphomicrobiales","Methylobacteriaceae","Methylobacterium","Methylobacterium radiotolerans"
1828,"Bacteria","Actinomycetota","Actinomycetes","Mycobacteriales","Nocardiaceae","Rhodococcoides","Rhodococcoides fascians"
885272,"Bacteria","Synergistota","Synergistia","Synergistales","Dethiosulfovibrionaceae","Jonquetella","Jonquetella anthropi"
938293,"Bacteria","Bacillota","Tissierellia","Tissierellales","Peptoniphilaceae","Anaerococcus","Anaerococcus provencensis"
1432788,"Bacteria","Bacillota","Bacilli","Lactobacillales","Streptococcaceae","Streptococcus","Streptococcus cuniculi"
195105,"Bacteria","Pseudomonadota","Alphaproteobacteria","Rhodobacterales","Paracoccaceae","Haematobacter","Haematobacter massiliensis"
574096,"Bacteria","Pseudomonadota","Gammaproteobacteria","Enterobacterales","Erwiniaceae","Pantoea","Pantoea allii"
1064516,"Bacteria","Pseudomonadota","Betaproteobacteria","Burkholderiales","Oxalobacteraceae","Noviherbaspirillum","Noviherbaspirillum canariense"
1282664,"Bacteria","Bacillota","Bacilli","Lactobacillales","Streptococcaceae","Streptococcus","Streptococcus oralis"
1596,"Bacteria","Bacillota","Bacilli","Lactobacillales","Lactobacillaceae","Lactobacillus","Lactobacillus gasseri"
247523,"Bacteria","Pseudomonadota","Gammaproteobacteria","Alteromonadales","Pseudoalteromonadaceae","Pseudoalteromonas","Pseudoalteromonas aliena"
1776391,"Bacteria","Bacillota","Clostridia","Peptostreptococcales","Peptostreptococcaceae","Romboutsia","Romboutsia timonensis"
77608,"Bacteria","Pseudomonadota","Gammaproteobacteria","Alteromonadales","Pseudoalteromonadaceae","Pseudoalteromonas","Pseudoalteromonas distincta"
862134,"Bacteria","Pseudomonadota","Alphaproteobacteria","Sphingomonadales","Sphingomonadaceae","Sphingomonas","Sphingomonas ginsenosidimutans"
398198,"Bacteria","Pseudomonadota","Gammaproteobacteria","Pseudomonadales","Pseudomonadaceae","Ectopseudomonas","Ectopseudomonas oleovorans"
190721,"Bacteria","Pseudomonadota","Betaproteobacteria","Burkholderiales","Burkholderiaceae","Ralstonia","Ralstonia insidiosa"
947378,"Bacteria","Pseudomonadota","Alphaproteobacteria","Caulobacterales","Caulobacteraceae","Brevundimonas","Brevundimonas faecalis"
1017354,"Bacteria","Actinomycetota","Rubrobacteria","Rubrobacterales","Rubrobacteraceae","Rubrobacter","Rubrobacter bracarensis"
1190813,"Bacteria","Pseudomonadota","Gammaproteobacteria","Alteromonadales","Pseudoalteromonadaceae","Pseudoalteromonas","Pseudoalteromonas shioyasakiensis"
149,"Bacteria","Spirochaetota","Spirochaetia","Spirochaetales","Spirochaetaceae","Spirochaeta","Spirochaeta halophila"
592026,"Bacteria","Bacillota","Clostridia","Lachnospirales","Lachnospiraceae","Catonella","Catonella morbi"
281920,"Bacteria","Bacteroidota","Bacteroidia","Bacteroidales","Porphyromonadaceae","Porphyromonas","Porphyromonas uenonis"
873513,"Bacteria","Bacteroidota","Bacteroidia","Bacteroidales","Prevotellaceae","Segatella","Segatella buccae"
